[
  {
    "index": 0,
    "soal": "Hewan yang dikenal sebagai raja hutan?",
    "jawaban": "Singa"
  },
  {
    "index": 1,
    "soal": "Hewan berkaki satu dan punya cangkang?",
    "jawaban": "Siput"
  },
  {
    "index": 2,
    "soal": "Hewan yang bisa terbang dan menghasilkan madu?",
    "jawaban": "Lebah"
  },
  {
    "index": 3,
    "soal": "Hewan laut yang punya delapan lengan?",
    "jawaban": "Gurita"
  },
  {
    "index": 4,
    "soal": "Hewan darat terbesar di dunia?",
    "jawaban": "Gajah"
  },
  {
    "index": 5,
    "soal": "Hewan yang suka wortel dan punya telinga panjang?",
    "jawaban": "Kelinci"
  },
  {
    "index": 6,
    "soal": "Hewan yang bisa menirukan suara manusia?",
    "jawaban": "Burung beo"
  },
  {
    "index": 7,
    "soal": "Hewan yang bisa hidup di air dan darat?",
    "jawaban": "Katak"
  },
  {
    "index": 8,
    "soal": "Hewan dengan leher panjang dan makan daun?",
    "jawaban": "Jerapah"
  },
  {
    "index": 9,
    "soal": "Hewan dengan belang hitam putih?",
    "jawaban": "Zebra"
  },
  {
    "index": 10,
    "soal": "Hewan laut dengan tubuh berduri?",
    "jawaban": "Bulu babi"
  },
  {
    "index": 11,
    "soal": "Hewan yang disebut sahabat manusia?",
    "jawaban": "Anjing"
  },
  {
    "index": 12,
    "soal": "Hewan pengerat kecil yang suka keju?",
    "jawaban": "Tikus"
  },
  {
    "index": 13,
    "soal": "Hewan yang terkenal lambat jalannya?",
    "jawaban": "Kura kura"
  },
  {
    "index": 14,
    "soal": "Hewan laut yang bisa loncat ke udara dan pintar?",
    "jawaban": "Lumba lumba"
  },
  {
    "index": 15,
    "soal": "Hewan berbulu tebal di kutub utara?",
    "jawaban": "Beruang kutub"
  },
  {
    "index": 16,
    "soal": "Hewan yang bisa tidur sambil berdiri?",
    "jawaban": "Kuda"
  },
  {
    "index": 17,
    "soal": "Hewan yang punya punuk di punggungnya?",
    "jawaban": "Unta"
  },
  {
    "index": 18,
    "soal": "Hewan amfibi yang suka melompat?",
    "jawaban": "Kodok"
  },
  {
    "index": 19,
    "soal": "Hewan dengan bulu putih yang suka salju?",
    "jawaban": "Serigala salju"
  },
  {
    "index": 20,
    "soal": "Hewan kecil yang bisa mengangkat beban lebih berat dari tubuhnya?",
    "jawaban": "Semut"
  },
  {
    "index": 21,
    "soal": "Hewan laut dengan capit besar?",
    "jawaban": "Kepiting"
  },
  {
    "index": 22,
    "soal": "Hewan yang suka pisang dan pintar memanjat?",
    "jawaban": "Monyet"
  },
  {
    "index": 23,
    "soal": "Hewan dengan duri tajam di tubuhnya?",
    "jawaban": "Landak"
  },
  {
    "index": 24,
    "soal": "Hewan yang bisa bertelur tapi juga menyusui?",
    "jawaban": "Platipus"
  },
  {
    "index": 25,
    "soal": "Hewan laut yang bisa menyengat dengan tentakel?",
    "jawaban": "Ubur ubur"
  },
  {
    "index": 26,
    "soal": "Hewan yang suka darah dan terbang malam hari?",
    "jawaban": "Nyamuk"
  },
  {
    "index": 27,
    "soal": "Hewan laut terbesar di dunia?",
    "jawaban": "Paus biru"
  },
  {
    "index": 28,
    "soal": "Hewan yang sering disebut raja udara?",
    "jawaban": "Elang"
  },
  {
    "index": 29,
    "soal": "Hewan yang berubah dari ulat jadi indah?",
    "jawaban": "Kupu kupu"
  }
]