[
  { "index": 0, "soal": "Fuck", "jawaban": "Kontol" },
  { "index": 1, "soal": "Shit", "jawaban": "Tai" },
  { "index": 2, "soal": "Bitch", "jawaban": "Jalang" },
  { "index": 3, "soal": "Asshole", "jawaban": "Bajingan" },
  { "index": 4, "soal": "Bastard", "jawaban": "Anak haram" },
  { "index": 5, "soal": "Dick", "jawaban": "Kontol" },
  { "index": 6, "soal": "Pussy", "jawaban": "Memek" },
  { "index": 7, "soal": "Cock", "jawaban": "Kontol" },
  { "index": 8, "soal": "Son of a bitch", "jawaban": "Anak jalang" },
  { "index": 9, "soal": "Damn", "jawaban": "Sialan" },
  { "index": 10, "soal": "Cunt", "jawaban": "Memek" },
  { "index": 11, "soal": "Ass", "jawaban": "Pantat" },
  { "index": 12, "soal": "Douchebag", "jawaban": "Bangsat" },
  { "index": 13, "soal": "Motherfucker", "jawaban": "Anjing" },
  { "index": 14, "soal": "Prick", "jawaban": "Brengsek" },
  { "index": 15, "soal": "Slut", "jawaban": "Pelacur" },
  { "index": 16, "soal": "Whore", "jawaban": "Sundal" },
  { "index": 17, "soal": "Jerk", "jawaban": "Brengsek" },
  { "index": 18, "soal": "Piss off", "jawaban": "Minggat" },
  { "index": 19, "soal": "Bloody hell", "jawaban": "Sialan" }
]