{
  "6285166370226@s.whatsapp.net": {
    "bonus": 50,
    "date": "2025-12-07"
  },
  "30@s.whatsapp.net": {
    "bonus": 30,
    "date": "2025-09-22"
  },
  "6285758955718@s.whatsapp.net": {
    "bonus": 50,
    "date": "2025-12-07"
  },
  "20@s.whatsapp.net": {
    "bonus": 20,
    "date": "2025-09-22"
  },
  "6285215923997@s.whatsapp.net": {
    "bonus": 50,
    "date": "2025-12-07"
  },
  "6287875140885@s.whatsapp.net": {
    "bonus": 50,
    "date": "2025-12-07"
  },
  "6281249703469@s.whatsapp.net": {
    "bonus": 50,
    "date": "2025-12-07"
  },
  "6285714803887@s.whatsapp.net": {
    "bonus": 50,
    "date": "2025-12-07"
  },
  "6287835253027@s.whatsapp.net": {
    "bonus": 50,
    "date": "2025-12-07"
  },
  "6287736519839@s.whatsapp.net": {
    "bonus": 50,
    "date": "2025-12-07"
  },
  "62895321600410@s.whatsapp.net": {
    "bonus": 50,
    "date": "2025-12-07"
  },
  "6289525661206@s.whatsapp.net": {
    "bonus": 50,
    "date": "2025-12-07"
  },
  "601161468029@s.whatsapp.net": {
    "bonus": 50,
    "date": "2025-12-07"
  },
  "6288287136649@s.whatsapp.net": {
    "bonus": 50,
    "date": "2025-12-07"
  },
  "6285718604014@s.whatsapp.net": {
    "bonus": 50,
    "date": "2025-12-07"
  },
  "6285723504105@s.whatsapp.net": {
    "bonus": 50,
    "date": "2025-12-07"
  },
  "6285602333923@s.whatsapp.net": {
    "bonus": 50,
    "date": "2025-12-07"
  },
  "6281572368626@s.whatsapp.net": {
    "bonus": 50,
    "date": "2025-12-07"
  },
  "6282336858532@s.whatsapp.net": {
    "bonus": 50,
    "date": "2025-12-07"
  },
  "6281391299261@s.whatsapp.net": {
    "bonus": 50,
    "date": "2025-12-07"
  },
  "62881036668875@s.whatsapp.net": {
    "bonus": 50,
    "date": "2025-12-07"
  },
  "6282314477001@s.whatsapp.net": {
    "bonus": 50,
    "date": "2025-12-07"
  },
  "62882015189489@s.whatsapp.net": {
    "bonus": 50,
    "date": "2025-12-07"
  },
  "6282335393381@s.whatsapp.net": {
    "bonus": 50,
    "date": "2025-12-07"
  },
  "6289603541258@s.whatsapp.net": {
    "bonus": 50,
    "date": "2025-12-07"
  },
  "6289674546922@s.whatsapp.net": {
    "bonus": 50,
    "date": "2025-12-07"
  },
  "6289676592961@s.whatsapp.net": {
    "bonus": 50,
    "date": "2025-12-07"
  },
  "6281349049433@s.whatsapp.net": {
    "bonus": 50,
    "date": "2025-12-07"
  },
  "628817066132@s.whatsapp.net": {
    "bonus": 50,
    "date": "2025-12-07"
  },
  "6282120347532@s.whatsapp.net": {
    "bonus": 50,
    "date": "2025-12-07"
  },
  "6283835153078@s.whatsapp.net": {
    "bonus": 50,
    "date": "2025-12-07"
  },
  "6288274068611@s.whatsapp.net": {
    "bonus": 50,
    "date": "2025-12-07"
  },
  "6285117405598@s.whatsapp.net": {
    "bonus": 50,
    "date": "2025-12-07"
  },
  "628988304897@s.whatsapp.net": {
    "bonus": 50,
    "date": "2025-12-07"
  },
  "6283133026076@s.whatsapp.net": {
    "bonus": 50,
    "date": "2025-12-07"
  },
  "6282328253628@s.whatsapp.net": {
    "bonus": 50,
    "date": "2025-12-07"
  },
  "6282254034832@s.whatsapp.net": {
    "bonus": 50,
    "date": "2025-12-07"
  },
  "6282178361478@s.whatsapp.net": {
    "bonus": 50,
    "date": "2025-12-07"
  },
  "6285718849259@s.whatsapp.net": {
    "bonus": 50,
    "date": "2025-12-07"
  },
  "6282323530992@s.whatsapp.net": {
    "bonus": 50,
    "date": "2025-12-07"
  },
  "62882020644519@s.whatsapp.net": {
    "bonus": 50,
    "date": "2025-12-07"
  },
  "6285167208411@s.whatsapp.net": {
    "bonus": 50,
    "date": "2025-12-07"
  },
  "6283892078006@s.whatsapp.net": {
    "bonus": 50,
    "date": "2025-12-07"
  },
  "6285267597013@s.whatsapp.net": {
    "bonus": 50,
    "date": "2025-12-07"
  },
  "6287827143351@s.whatsapp.net": {
    "bonus": 50,
    "date": "2025-12-07"
  },
  "6281522774010@s.whatsapp.net": {
    "bonus": 50,
    "date": "2025-12-07"
  },
  "6283192630186@s.whatsapp.net": {
    "bonus": 50,
    "date": "2025-12-07"
  },
  "6285124417124@s.whatsapp.net": {
    "bonus": 50,
    "date": "2025-12-07"
  },
  "6283861006489@s.whatsapp.net": {
    "bonus": 50,
    "date": "2025-12-07"
  },
  "6285883381978@s.whatsapp.net": {
    "bonus": 50,
    "date": "2025-12-07"
  },
  "6285714196273@s.whatsapp.net": {
    "bonus": 50,
    "date": "2025-12-07"
  },
  "6283170685648@s.whatsapp.net": {
    "bonus": 50,
    "date": "2025-12-07"
  },
  "62895800436225@s.whatsapp.net": {
    "bonus": 50,
    "date": "2025-12-07"
  },
  "6285754566940@s.whatsapp.net": {
    "bonus": 50,
    "date": "2025-12-07"
  },
  "62881023427045@s.whatsapp.net": {
    "bonus": 50,
    "date": "2025-12-07"
  },
  "6281359756344@s.whatsapp.net": {
    "bonus": 50,
    "date": "2025-12-07"
  },
  "6282163327059@s.whatsapp.net": {
    "bonus": 50,
    "date": "2025-12-07"
  },
  "6282227025375@s.whatsapp.net": {
    "bonus": 50,
    "date": "2025-12-07"
  },
  "628817675240@s.whatsapp.net": {
    "bonus": 50,
    "date": "2025-12-07"
  },
  "6289518148152@s.whatsapp.net": {
    "bonus": 50,
    "date": "2025-12-07"
  },
  "6281293867827@s.whatsapp.net": {
    "bonus": 50,
    "date": "2025-12-07"
  },
  "6285772902426@s.whatsapp.net": {
    "bonus": 50,
    "date": "2025-12-07"
  },
  "6288902901170@s.whatsapp.net": {
    "bonus": 50,
    "date": "2025-12-07"
  },
  "6288706997166@s.whatsapp.net": {
    "bonus": 50,
    "date": "2025-12-07"
  },
  "60136372162@s.whatsapp.net": {
    "bonus": 50,
    "date": "2025-12-07"
  },
  "6283187238785@s.whatsapp.net": {
    "bonus": 50,
    "date": "2025-12-07"
  },
  "6282169041822@s.whatsapp.net": {
    "bonus": 50,
    "date": "2025-12-07"
  },
  "628995229617@s.whatsapp.net": {
    "bonus": 50,
    "date": "2025-12-07"
  },
  "6283133738731@s.whatsapp.net": {
    "bonus": 50,
    "date": "2025-12-07"
  },
  "6283834447279@s.whatsapp.net": {
    "bonus": 50,
    "date": "2025-12-07"
  },
  "628119742013@s.whatsapp.net": {
    "bonus": 50,
    "date": "2025-12-07"
  },
  "6282137194690@s.whatsapp.net": {
    "bonus": 50,
    "date": "2025-12-07"
  },
  "62895404032071@s.whatsapp.net": {
    "bonus": 50,
    "date": "2025-12-07"
  },
  "6285219969227@s.whatsapp.net": {
    "bonus": 50,
    "date": "2025-12-07"
  },
  "6285219354847@s.whatsapp.net": {
    "bonus": 50,
    "date": "2025-12-07"
  },
  "6281367253625@s.whatsapp.net": {
    "bonus": 50,
    "date": "2025-12-07"
  },
  "6282134865878@s.whatsapp.net": {
    "bonus": 50,
    "date": "2025-12-07"
  },
  "6282189747713@s.whatsapp.net": {
    "bonus": 50,
    "date": "2025-12-07"
  },
  "6282142798551@s.whatsapp.net": {
    "bonus": 50,
    "date": "2025-12-07"
  },
  "6282197116591@s.whatsapp.net": {
    "bonus": 50,
    "date": "2025-12-07"
  },
  "6285731027734@s.whatsapp.net": {
    "bonus": 50,
    "date": "2025-12-07"
  },
  "6285220776906@s.whatsapp.net": {
    "bonus": 50,
    "date": "2025-12-07"
  },
  "62882003013908@s.whatsapp.net": {
    "bonus": 50,
    "date": "2025-12-07"
  },
  "6285878114689@s.whatsapp.net": {
    "bonus": 50,
    "date": "2025-12-07"
  },
  "62895320251212@s.whatsapp.net": {
    "bonus": 50,
    "date": "2025-12-07"
  },
  "6283897078806@s.whatsapp.net": {
    "bonus": 50,
    "date": "2025-12-07"
  },
  "6287860998528@s.whatsapp.net": {
    "bonus": 50,
    "date": "2025-12-07"
  },
  "601153030936@s.whatsapp.net": {
    "bonus": 50,
    "date": "2025-12-07"
  },
  "6287823277775@s.whatsapp.net": {
    "bonus": 50,
    "date": "2025-12-07"
  },
  "6282185786915@s.whatsapp.net": {
    "bonus": 50,
    "date": "2025-12-07"
  },
  "6285774137221@s.whatsapp.net": {
    "bonus": 50,
    "date": "2025-12-07"
  },
  "6283143076242@s.whatsapp.net": {
    "bonus": 50,
    "date": "2025-12-07"
  },
  "6285210609109@s.whatsapp.net": {
    "bonus": 50,
    "date": "2025-12-07"
  },
  "62895414273050@s.whatsapp.net": {
    "bonus": 50,
    "date": "2025-12-07"
  },
  "6282126232809@s.whatsapp.net": {
    "bonus": 50,
    "date": "2025-12-07"
  },
  "6285664900720@s.whatsapp.net": {
    "bonus": 50,
    "date": "2025-12-07"
  },
  "62895325084721@s.whatsapp.net": {
    "bonus": 50,
    "date": "2025-12-07"
  },
  "6289513453722@s.whatsapp.net": {
    "bonus": 50,
    "date": "2025-12-07"
  },
  "6285396339240@s.whatsapp.net": {
    "bonus": 50,
    "date": "2025-12-07"
  },
  "6282395483755@s.whatsapp.net": {
    "bonus": 50,
    "date": "2025-12-07"
  },
  "6289509985165@s.whatsapp.net": {
    "bonus": 50,
    "date": "2025-12-07"
  },
  "6282277833038@s.whatsapp.net": {
    "bonus": 50,
    "date": "2025-12-07"
  },
  "6282148024881@s.whatsapp.net": {
    "bonus": 50,
    "date": "2025-12-07"
  },
  "6281330681537@s.whatsapp.net": {
    "bonus": 50,
    "date": "2025-12-07"
  },
  "6289527321868@s.whatsapp.net": {
    "bonus": 50,
    "date": "2025-12-07"
  },
  "6289519261504@s.whatsapp.net": {
    "bonus": 50,
    "date": "2025-12-07"
  },
  "6289667951161@s.whatsapp.net": {
    "bonus": 50,
    "date": "2025-12-07"
  },
  "62895330147536@s.whatsapp.net": {
    "bonus": 50,
    "date": "2025-12-07"
  },
  "6282332442310@s.whatsapp.net": {
    "bonus": 50,
    "date": "2025-12-07"
  },
  "6285872012248@s.whatsapp.net": {
    "bonus": 50,
    "date": "2025-12-07"
  },
  "6281220154114@s.whatsapp.net": {
    "bonus": 50,
    "date": "2025-12-07"
  },
  "6285715973681@s.whatsapp.net": {
    "bonus": 50,
    "date": "2025-12-07"
  },
  "6283173611093@s.whatsapp.net": {
    "bonus": 50,
    "date": "2025-12-07"
  },
  "6282145682566@s.whatsapp.net": {
    "bonus": 50,
    "date": "2025-12-07"
  },
  "6282220754429@s.whatsapp.net": {
    "bonus": 50,
    "date": "2025-12-07"
  },
  "6285775284244@s.whatsapp.net": {
    "bonus": 50,
    "date": "2025-12-07"
  },
  "6285819829358@s.whatsapp.net": {
    "bonus": 50,
    "date": "2025-12-07"
  },
  "6289531568587@s.whatsapp.net": {
    "bonus": 50,
    "date": "2025-12-07"
  },
  "6285608153325@s.whatsapp.net": {
    "bonus": 50,
    "date": "2025-12-07"
  },
  "628991602655@s.whatsapp.net": {
    "bonus": 50,
    "date": "2025-12-07"
  },
  "6283897284796@s.whatsapp.net": {
    "bonus": 50,
    "date": "2025-12-07"
  },
  "62895428196166@s.whatsapp.net": {
    "bonus": 50,
    "date": "2025-12-07"
  },
  "62895428486653@s.whatsapp.net": {
    "bonus": 50,
    "date": "2025-12-07"
  },
  "6289517544365@s.whatsapp.net": {
    "bonus": 50,
    "date": "2025-12-07"
  },
  "6281933947434@s.whatsapp.net": {
    "bonus": 50,
    "date": "2025-12-07"
  },
  "62895338084575@s.whatsapp.net": {
    "bonus": 50,
    "date": "2025-12-07"
  },
  "18156806789@s.whatsapp.net": {
    "bonus": 50,
    "date": "2025-12-07"
  },
  "628996748947@s.whatsapp.net": {
    "bonus": 50,
    "date": "2025-12-07"
  },
  "6285143019446@s.whatsapp.net": {
    "bonus": 50,
    "date": "2025-12-07"
  },
  "6281542699164@s.whatsapp.net": {
    "bonus": 50,
    "date": "2025-12-07"
  },
  "6288221352575@s.whatsapp.net": {
    "bonus": 50,
    "date": "2025-12-07"
  },
  "6285830817269@s.whatsapp.net": {
    "bonus": 50,
    "date": "2025-12-07"
  },
  "628569042217@s.whatsapp.net": {
    "bonus": 50,
    "date": "2025-12-07"
  },
  "60165777804@s.whatsapp.net": {
    "bonus": 50,
    "date": "2025-12-07"
  },
  "6282154263008@s.whatsapp.net": {
    "bonus": 50,
    "date": "2025-12-07"
  },
  "6281274857137@s.whatsapp.net": {
    "bonus": 57,
    "date": "2025-12-07"
  },
  "6282148609035@s.whatsapp.net": {
    "bonus": 50,
    "date": "2025-12-07"
  },
  "6281946081838@s.whatsapp.net": {
    "bonus": 50,
    "date": "2025-12-07"
  },
  "628812102279@s.whatsapp.net": {
    "bonus": 50,
    "date": "2025-12-07"
  },
  "6281445334560@s.whatsapp.net": {
    "bonus": 50,
    "date": "2025-12-07"
  },
  "6282289719707@s.whatsapp.net": {
    "bonus": 50,
    "date": "2025-12-07"
  },
  "6289507516178@s.whatsapp.net": {
    "bonus": 50,
    "date": "2025-12-07"
  },
  "6282180109508@s.whatsapp.net": {
    "bonus": 50,
    "date": "2025-12-07"
  },
  "6281514383144@s.whatsapp.net": {
    "bonus": 50,
    "date": "2025-12-07"
  },
  "6285814752300@s.whatsapp.net": {
    "bonus": 50,
    "date": "2025-12-07"
  },
  "6289530086827@s.whatsapp.net": {
    "bonus": 50,
    "date": "2025-12-07"
  },
  "6281548656135@s.whatsapp.net": {
    "bonus": 50,
    "date": "2025-12-07"
  },
  "6289512485947@s.whatsapp.net": {
    "bonus": 50,
    "date": "2025-12-07"
  },
  "6287777818290@s.whatsapp.net": {
    "bonus": 50,
    "date": "2025-12-07"
  },
  "6282218146159@s.whatsapp.net": {
    "bonus": 50,
    "date": "2025-12-07"
  },
  "6285810033517@s.whatsapp.net": {
    "bonus": 50,
    "date": "2025-12-07"
  },
  "6285211939731@s.whatsapp.net": {
    "bonus": 50,
    "date": "2025-12-07"
  },
  "6282192151295@s.whatsapp.net": {
    "bonus": 50,
    "date": "2025-12-07"
  },
  "6285714768292@s.whatsapp.net": {
    "bonus": 50,
    "date": "2025-12-07"
  },
  "6285794747052@s.whatsapp.net": {
    "bonus": 50,
    "date": "2025-12-07"
  },
  "6281242722885@s.whatsapp.net": {
    "bonus": 50,
    "date": "2025-12-07"
  },
  "6287717783262@s.whatsapp.net": {
    "bonus": 50,
    "date": "2025-12-07"
  },
  "6288242934035@s.whatsapp.net": {
    "bonus": 50,
    "date": "2025-12-07"
  },
  "6285280488030@s.whatsapp.net": {
    "bonus": 50,
    "date": "2025-12-07"
  },
  "6289505054438@s.whatsapp.net": {
    "bonus": 50,
    "date": "2025-12-07"
  },
  "6281529498266@s.whatsapp.net": {
    "bonus": 50,
    "date": "2025-12-07"
  },
  "6287735031173@s.whatsapp.net": {
    "bonus": 50,
    "date": "2025-12-07"
  },
  "6282229566123@s.whatsapp.net": {
    "bonus": 50,
    "date": "2025-12-07"
  },
  "6282179672600@s.whatsapp.net": {
    "bonus": 50,
    "date": "2025-12-07"
  },
  "6285222175856@s.whatsapp.net": {
    "bonus": 50,
    "date": "2025-12-07"
  },
  "6285216017390@s.whatsapp.net": {
    "bonus": 50,
    "date": "2025-12-07"
  },
  "6285849106668@s.whatsapp.net": {
    "bonus": 50,
    "date": "2025-12-07"
  },
  "6285236315616@s.whatsapp.net": {
    "bonus": 50,
    "date": "2025-12-07"
  },
  "6285922395945@s.whatsapp.net": {
    "bonus": 50,
    "date": "2025-12-07"
  },
  "6281371659085@s.whatsapp.net": {
    "bonus": 50,
    "date": "2025-12-07"
  },
  "6285759017883@s.whatsapp.net": {
    "bonus": 50,
    "date": "2025-12-07"
  },
  "6285695252381@s.whatsapp.net": {
    "bonus": 50,
    "date": "2025-12-07"
  },
  "6283852456042@s.whatsapp.net": {
    "bonus": 50,
    "date": "2025-12-07"
  },
  "6288291708271@s.whatsapp.net": {
    "bonus": 50,
    "date": "2025-12-07"
  },
  "6285769712089@s.whatsapp.net": {
    "bonus": 50,
    "date": "2025-12-07"
  },
  "6288994183268@s.whatsapp.net": {
    "bonus": 50,
    "date": "2025-12-07"
  },
  "6282342090272@s.whatsapp.net": {
    "bonus": 50,
    "date": "2025-12-07"
  },
  "6283837203011@s.whatsapp.net": {
    "bonus": 50,
    "date": "2025-12-07"
  },
  "6288222159154@s.whatsapp.net": {
    "bonus": 50,
    "date": "2025-12-07"
  },
  "6281318084522@s.whatsapp.net": {
    "bonus": 50,
    "date": "2025-12-07"
  },
  "6281549108944@s.whatsapp.net": {
    "bonus": 50,
    "date": "2025-12-07"
  },
  "6281334177579@s.whatsapp.net": {
    "bonus": 50,
    "date": "2025-12-07"
  },
  "6285282516704@s.whatsapp.net": {
    "bonus": 50,
    "date": "2025-12-07"
  },
  "6282246887830@s.whatsapp.net": {
    "bonus": 50,
    "date": "2025-12-07"
  },
  "62895402083966@s.whatsapp.net": {
    "bonus": 50,
    "date": "2025-12-07"
  },
  "6289504316808@s.whatsapp.net": {
    "bonus": 50,
    "date": "2025-12-07"
  },
  "62882008720033@s.whatsapp.net": {
    "bonus": 50,
    "date": "2025-12-07"
  },
  "6285183078516@s.whatsapp.net": {
    "bonus": 50,
    "date": "2025-12-07"
  },
  "6288286306231@s.whatsapp.net": {
    "bonus": 50,
    "date": "2025-12-07"
  },
  "628565033573@s.whatsapp.net": {
    "bonus": 50,
    "date": "2025-12-07"
  },
  "6289603097931@s.whatsapp.net": {
    "bonus": 50,
    "date": "2025-12-07"
  },
  "6283183538340@s.whatsapp.net": {
    "bonus": 50,
    "date": "2025-12-07"
  },
  "6285783782781@s.whatsapp.net": {
    "bonus": 50,
    "date": "2025-12-07"
  },
  "6285752376215@s.whatsapp.net": {
    "bonus": 50,
    "date": "2025-12-07"
  },
  "6288905819909@s.whatsapp.net": {
    "bonus": 50,
    "date": "2025-12-07"
  },
  "6285855353835@s.whatsapp.net": {
    "bonus": 50,
    "date": "2025-12-07"
  },
  "6285211958917@s.whatsapp.net": {
    "bonus": 50,
    "date": "2025-12-07"
  },
  "628812461079@s.whatsapp.net": {
    "bonus": 50,
    "date": "2025-12-07"
  },
  "6285756057022@s.whatsapp.net": {
    "bonus": 50,
    "date": "2025-12-07"
  },
  "6281229920938@s.whatsapp.net": {
    "bonus": 50,
    "date": "2025-12-07"
  },
  "6289699666077@s.whatsapp.net": {
    "bonus": 50,
    "date": "2025-12-07"
  },
  "6289624752299@s.whatsapp.net": {
    "bonus": 50,
    "date": "2025-12-07"
  },
  "6281542086597@s.whatsapp.net": {
    "bonus": 50,
    "date": "2025-12-07"
  },
  "6287883458378@s.whatsapp.net": {
    "bonus": 50,
    "date": "2025-12-07"
  },
  "6283832089273@s.whatsapp.net": {
    "bonus": 50,
    "date": "2025-12-07"
  },
  "6283836589558@s.whatsapp.net": {
    "bonus": 50,
    "date": "2025-12-07"
  },
  "6287782482661@s.whatsapp.net": {
    "bonus": 50,
    "date": "2025-12-07"
  },
  "6285218204972@s.whatsapp.net": {
    "bonus": 50,
    "date": "2025-12-07"
  },
  "6289630341411@s.whatsapp.net": {
    "bonus": 50,
    "date": "2025-12-07"
  },
  "6285169829907@s.whatsapp.net": {
    "bonus": 50,
    "date": "2025-12-07"
  },
  "6285755500431@s.whatsapp.net": {
    "bonus": 50,
    "date": "2025-12-07"
  },
  "6282186468335@s.whatsapp.net": {
    "bonus": 50,
    "date": "2025-12-07"
  },
  "62882008382097@s.whatsapp.net": {
    "bonus": 50,
    "date": "2025-12-07"
  },
  "6285298445474@s.whatsapp.net": {
    "bonus": 50,
    "date": "2025-12-07"
  },
  "6281380571323@s.whatsapp.net": {
    "bonus": 50,
    "date": "2025-12-07"
  },
  "6285888206973@s.whatsapp.net": {
    "bonus": 50,
    "date": "2025-12-07"
  },
  "6285777482049@s.whatsapp.net": {
    "bonus": 50,
    "date": "2025-12-07"
  },
  "6287720330780@s.whatsapp.net": {
    "bonus": 50,
    "date": "2025-12-07"
  },
  "628812420048@s.whatsapp.net": {
    "bonus": 50,
    "date": "2025-12-07"
  },
  "6288272193619@s.whatsapp.net": {
    "bonus": 50,
    "date": "2025-12-07"
  },
  "6285865950994@s.whatsapp.net": {
    "bonus": 50,
    "date": "2025-12-07"
  },
  "6287846169001@s.whatsapp.net": {
    "bonus": 50,
    "date": "2025-12-07"
  },
  "6281572612885@s.whatsapp.net": {
    "bonus": 50,
    "date": "2025-12-07"
  },
  "6285795801366@s.whatsapp.net": {
    "bonus": 50,
    "date": "2025-12-07"
  },
  "6283845954668@s.whatsapp.net": {
    "bonus": 50,
    "date": "2025-12-07"
  },
  "6281226299392@s.whatsapp.net": {
    "bonus": 50,
    "date": "2025-12-07"
  },
  "628884630118@s.whatsapp.net": {
    "bonus": 50,
    "date": "2025-12-07"
  },
  "6281515023885@s.whatsapp.net": {
    "bonus": 50,
    "date": "2025-12-07"
  },
  "6281331166484@s.whatsapp.net": {
    "bonus": 50,
    "date": "2025-12-07"
  },
  "6282124061626@s.whatsapp.net": {
    "bonus": 50,
    "date": "2025-12-07"
  },
  "628819175108@s.whatsapp.net": {
    "bonus": 50,
    "date": "2025-12-07"
  },
  "6285656683791@s.whatsapp.net": {
    "bonus": 50,
    "date": "2025-12-07"
  },
  "6285247193894@s.whatsapp.net": {
    "bonus": 50,
    "date": "2025-12-07"
  },
  "6282285352814@s.whatsapp.net": {
    "bonus": 50,
    "date": "2025-12-07"
  },
  "6287847569859@s.whatsapp.net": {
    "bonus": 50,
    "date": "2025-12-07"
  },
  "6289521058000@s.whatsapp.net": {
    "bonus": 50,
    "date": "2025-12-07"
  },
  "6281316095088@s.whatsapp.net": {
    "bonus": 50,
    "date": "2025-12-07"
  },
  "6282154432428@s.whatsapp.net": {
    "bonus": 50,
    "date": "2025-12-07"
  },
  "6282189831518@s.whatsapp.net": {
    "bonus": 50,
    "date": "2025-12-07"
  },
  "6282337720877@s.whatsapp.net": {
    "bonus": 50,
    "date": "2025-12-07"
  },
  "6283849257422@s.whatsapp.net": {
    "bonus": 50,
    "date": "2025-12-07"
  },
  "6282258771129@s.whatsapp.net": {
    "bonus": 50,
    "date": "2025-12-07"
  },
  "6282196033445@s.whatsapp.net": {
    "bonus": 50,
    "date": "2025-12-07"
  },
  "6283870665697@s.whatsapp.net": {
    "bonus": 50,
    "date": "2025-12-07"
  },
  "6283834071211@s.whatsapp.net": {
    "bonus": 50,
    "date": "2025-12-07"
  },
  "6289527743440@s.whatsapp.net": {
    "bonus": 50,
    "date": "2025-12-07"
  },
  "6282146208100@s.whatsapp.net": {
    "bonus": 50,
    "date": "2025-12-07"
  },
  "6288294273851@s.whatsapp.net": {
    "bonus": 50,
    "date": "2025-12-07"
  },
  "6281317197048@s.whatsapp.net": {
    "bonus": 50,
    "date": "2025-12-07"
  },
  "6281260819143@s.whatsapp.net": {
    "bonus": 50,
    "date": "2025-12-07"
  },
  "6282253189432@s.whatsapp.net": {
    "bonus": 50,
    "date": "2025-12-07"
  },
  "6285808952260@s.whatsapp.net": {
    "bonus": 50,
    "date": "2025-12-07"
  },
  "6287751311892@s.whatsapp.net": {
    "bonus": 50,
    "date": "2025-12-07"
  },
  "6282246146402@s.whatsapp.net": {
    "bonus": 50,
    "date": "2025-12-07"
  },
  "6281212058164@s.whatsapp.net": {
    "bonus": 50,
    "date": "2025-12-07"
  },
  "6281357630751@s.whatsapp.net": {
    "bonus": 50,
    "date": "2025-12-07"
  },
  "6285794146380@s.whatsapp.net": {
    "bonus": 50,
    "date": "2025-12-07"
  },
  "6285863164064@s.whatsapp.net": {
    "bonus": 50,
    "date": "2025-12-07"
  },
  "6281215881685@s.whatsapp.net": {
    "bonus": 50,
    "date": "2025-12-07"
  },
  "6283831124045@s.whatsapp.net": {
    "bonus": 50,
    "date": "2025-12-07"
  },
  "6285608632102@s.whatsapp.net": {
    "bonus": 50,
    "date": "2025-12-07"
  },
  "6287888754342@s.whatsapp.net": {
    "bonus": 50,
    "date": "2025-12-07"
  },
  "6288971966299@s.whatsapp.net": {
    "bonus": 50,
    "date": "2025-12-07"
  },
  "6283824303212@s.whatsapp.net": {
    "bonus": 50,
    "date": "2025-12-07"
  },
  "6282254511919@s.whatsapp.net": {
    "bonus": 50,
    "date": "2025-12-07"
  },
  "6282254521641@s.whatsapp.net": {
    "bonus": 50,
    "date": "2025-12-07"
  },
  "6281348581605@s.whatsapp.net": {
    "bonus": 50,
    "date": "2025-12-07"
  },
  "6287838005096@s.whatsapp.net": {
    "bonus": 50,
    "date": "2025-12-07"
  },
  "6281336116516@s.whatsapp.net": {
    "bonus": 50,
    "date": "2025-12-07"
  },
  "6281248402254@s.whatsapp.net": {
    "bonus": 50,
    "date": "2025-12-07"
  },
  "6289522806766@s.whatsapp.net": {
    "bonus": 50,
    "date": "2025-12-07"
  },
  "6288226901306@s.whatsapp.net": {
    "bonus": 50,
    "date": "2025-12-07"
  },
  "6281374813379@s.whatsapp.net": {
    "bonus": 50,
    "date": "2025-12-07"
  },
  "6285757891937@s.whatsapp.net": {
    "bonus": 50,
    "date": "2025-12-07"
  },
  "6285876257774@s.whatsapp.net": {
    "bonus": 50,
    "date": "2025-12-07"
  },
  "6288214579275@s.whatsapp.net": {
    "bonus": 50,
    "date": "2025-12-07"
  },
  "6285183112618@s.whatsapp.net": {
    "bonus": 50,
    "date": "2025-12-07"
  },
  "6285331076674@s.whatsapp.net": {
    "bonus": 50,
    "date": "2025-12-07"
  },
  "6281546813084@s.whatsapp.net": {
    "bonus": 50,
    "date": "2025-12-07"
  },
  "6282155540588@s.whatsapp.net": {
    "bonus": 50,
    "date": "2025-12-07"
  },
  "6282181976334@s.whatsapp.net": {
    "bonus": 50,
    "date": "2025-12-07"
  },
  "6285776700730@s.whatsapp.net": {
    "bonus": 50,
    "date": "2025-12-07"
  },
  "6285656047696@s.whatsapp.net": {
    "bonus": 50,
    "date": "2025-12-07"
  },
  "628973969470@s.whatsapp.net": {
    "bonus": 50,
    "date": "2025-12-07"
  },
  "6282185066318@s.whatsapp.net": {
    "bonus": 50,
    "date": "2025-12-07"
  },
  "6283845852752@s.whatsapp.net": {
    "bonus": 50,
    "date": "2025-12-07"
  },
  "6283845284722@s.whatsapp.net": {
    "bonus": 50,
    "date": "2025-12-07"
  },
  "6285640184246@s.whatsapp.net": {
    "bonus": 50,
    "date": "2025-12-07"
  },
  "628885471598@s.whatsapp.net": {
    "bonus": 50,
    "date": "2025-12-07"
  },
  "6285124570600@s.whatsapp.net": {
    "bonus": 50,
    "date": "2025-12-07"
  },
  "628568551547@s.whatsapp.net": {
    "bonus": 50,
    "date": "2025-12-07"
  },
  "6283846077585@s.whatsapp.net": {
    "bonus": 50,
    "date": "2025-12-07"
  },
  "6283820565165@s.whatsapp.net": {
    "bonus": 50,
    "date": "2025-12-07"
  },
  "6285751926691@s.whatsapp.net": {
    "bonus": 50,
    "date": "2025-12-07"
  },
  "6285822714679@s.whatsapp.net": {
    "bonus": 50,
    "date": "2025-12-07"
  },
  "6285939523019@s.whatsapp.net": {
    "bonus": 50,
    "date": "2025-12-07"
  },
  "6282322153459@s.whatsapp.net": {
    "bonus": 50,
    "date": "2025-12-07"
  },
  "62895610081030@s.whatsapp.net": {
    "bonus": 50,
    "date": "2025-12-07"
  },
  "6281368446027@s.whatsapp.net": {
    "bonus": 50,
    "date": "2025-12-07"
  },
  "6283131929017@s.whatsapp.net": {
    "bonus": 50,
    "date": "2025-12-07"
  },
  "6282117241917@s.whatsapp.net": {
    "bonus": 50,
    "date": "2025-12-07"
  },
  "6282298963941@s.whatsapp.net": {
    "bonus": 50,
    "date": "2025-12-07"
  },
  "6287776963757@s.whatsapp.net": {
    "bonus": 50,
    "date": "2025-12-07"
  },
  "6281649035382@s.whatsapp.net": {
    "bonus": 50,
    "date": "2025-12-07"
  },
  "6285708791290@s.whatsapp.net": {
    "bonus": 50,
    "date": "2025-12-07"
  },
  "6283137560342@s.whatsapp.net": {
    "bonus": 50,
    "date": "2025-12-07"
  },
  "62881012538565@s.whatsapp.net": {
    "bonus": 50,
    "date": "2025-12-07"
  },
  "6288991849845@s.whatsapp.net": {
    "bonus": 50,
    "date": "2025-12-07"
  },
  "6285813522947@s.whatsapp.net": {
    "bonus": 50,
    "date": "2025-12-07"
  },
  "6285236923032@s.whatsapp.net": {
    "bonus": 50,
    "date": "2025-12-07"
  },
  "6281999177906@s.whatsapp.net": {
    "bonus": 50,
    "date": "2025-12-07"
  },
  "6281324983344@s.whatsapp.net": {
    "bonus": 50,
    "date": "2025-12-07"
  },
  "6285860309067@s.whatsapp.net": {
    "bonus": 50,
    "date": "2025-12-07"
  },
  "6282333864782@s.whatsapp.net": {
    "bonus": 50,
    "date": "2025-12-07"
  },
  "6285546522245@s.whatsapp.net": {
    "bonus": 50,
    "date": "2025-12-07"
  },
  "6282195805044@s.whatsapp.net": {
    "bonus": 50,
    "date": "2025-12-07"
  },
  "6282259395960@s.whatsapp.net": {
    "bonus": 50,
    "date": "2025-12-07"
  },
  "6289515346851@s.whatsapp.net": {
    "bonus": 50,
    "date": "2025-12-07"
  },
  "6287763384650@s.whatsapp.net": {
    "bonus": 50,
    "date": "2025-12-07"
  },
  "6285714672228@s.whatsapp.net": {
    "bonus": 50,
    "date": "2025-12-07"
  },
  "6282257697906@s.whatsapp.net": {
    "bonus": 50,
    "date": "2025-12-07"
  },
  "6281272193491@s.whatsapp.net": {
    "bonus": 50,
    "date": "2025-12-07"
  },
  "6287798685603@s.whatsapp.net": {
    "bonus": 50,
    "date": "2025-12-07"
  },
  "6281371609234@s.whatsapp.net": {
    "bonus": 50,
    "date": "2025-12-07"
  },
  "6285240472236@s.whatsapp.net": {
    "bonus": 50,
    "date": "2025-12-07"
  },
  "6289504308445@s.whatsapp.net": {
    "bonus": 50,
    "date": "2025-12-07"
  },
  "6285797829667@s.whatsapp.net": {
    "bonus": 50,
    "date": "2025-12-07"
  },
  "6285174403580@s.whatsapp.net": {
    "bonus": 50,
    "date": "2025-12-07"
  },
  "6282196979765@s.whatsapp.net": {
    "bonus": 50,
    "date": "2025-12-07"
  },
  "6283160315650@s.whatsapp.net": {
    "bonus": 50,
    "date": "2025-12-07"
  },
  "6289529359806@s.whatsapp.net": {
    "bonus": 50,
    "date": "2025-12-07"
  },
  "6285143978077@s.whatsapp.net": {
    "bonus": 50,
    "date": "2025-12-07"
  },
  "628812726626@s.whatsapp.net": {
    "bonus": 50,
    "date": "2025-12-07"
  },
  "6282132818196@s.whatsapp.net": {
    "bonus": 50,
    "date": "2025-12-07"
  },
  "6285198856166@s.whatsapp.net": {
    "bonus": 50,
    "date": "2025-12-07"
  },
  "6285135282163@s.whatsapp.net": {
    "bonus": 50,
    "date": "2025-12-07"
  },
  "6285172156689@s.whatsapp.net": {
    "bonus": 50,
    "date": "2025-12-07"
  },
  "6285156093936@s.whatsapp.net": {
    "bonus": 50,
    "date": "2025-12-07"
  },
  "6285722261895@s.whatsapp.net": {
    "bonus": 50,
    "date": "2025-12-07"
  },
  "6282120752012@s.whatsapp.net": {
    "bonus": 50,
    "date": "2025-12-07"
  },
  "6283851152841@s.whatsapp.net": {
    "bonus": 50,
    "date": "2025-12-07"
  },
  "6285824745430@s.whatsapp.net": {
    "bonus": 50,
    "date": "2025-12-07"
  },
  "6281573677967@s.whatsapp.net": {
    "bonus": 50,
    "date": "2025-12-07"
  },
  "628814969114@s.whatsapp.net": {
    "bonus": 50,
    "date": "2025-12-07"
  },
  "6288289714724@s.whatsapp.net": {
    "bonus": 50,
    "date": "2025-12-07"
  },
  "6285934637432@s.whatsapp.net": {
    "bonus": 50,
    "date": "2025-12-07"
  },
  "6281335693077@s.whatsapp.net": {
    "bonus": 50,
    "date": "2025-12-07"
  },
  "62895328444018@s.whatsapp.net": {
    "bonus": 50,
    "date": "2025-12-07"
  },
  "6283136929107@s.whatsapp.net": {
    "bonus": 50,
    "date": "2025-12-07"
  },
  "6285754689378@s.whatsapp.net": {
    "bonus": 50,
    "date": "2025-12-07"
  },
  "6281367435370@s.whatsapp.net": {
    "bonus": 50,
    "date": "2025-12-07"
  },
  "62895633994333@s.whatsapp.net": {
    "bonus": 50,
    "date": "2025-12-07"
  },
  "6281617612663@s.whatsapp.net": {
    "bonus": 50,
    "date": "2025-12-07"
  },
  "6281228144237@s.whatsapp.net": {
    "bonus": 50,
    "date": "2025-12-07"
  },
  "6281345455746@s.whatsapp.net": {
    "bonus": 50,
    "date": "2025-12-07"
  },
  "6282130384108@s.whatsapp.net": {
    "bonus": 50,
    "date": "2025-12-07"
  },
  "6289513798792@s.whatsapp.net": {
    "bonus": 50,
    "date": "2025-12-07"
  },
  "6282324469679@s.whatsapp.net": {
    "bonus": 50,
    "date": "2025-12-07"
  },
  "6281339723099@s.whatsapp.net": {
    "bonus": 50,
    "date": "2025-12-07"
  },
  "6283168213661@s.whatsapp.net": {
    "bonus": 50,
    "date": "2025-12-07"
  },
  "62895326720735@s.whatsapp.net": {
    "bonus": 50,
    "date": "2025-12-07"
  },
  "6288988351115@s.whatsapp.net": {
    "bonus": 50,
    "date": "2025-12-07"
  },
  "6282125901683@s.whatsapp.net": {
    "bonus": 50,
    "date": "2025-12-07"
  },
  "6281933954006@s.whatsapp.net": {
    "bonus": 50,
    "date": "2025-12-07"
  },
  "6281927595680@s.whatsapp.net": {
    "bonus": 50,
    "date": "2025-12-07"
  },
  "6282153120699@s.whatsapp.net": {
    "bonus": 50,
    "date": "2025-12-07"
  },
  "6281374170326@s.whatsapp.net": {
    "bonus": 50,
    "date": "2025-12-07"
  },
  "6283829110324@s.whatsapp.net": {
    "bonus": 50,
    "date": "2025-12-07"
  },
  "6283187872923@s.whatsapp.net": {
    "bonus": 50,
    "date": "2025-12-07"
  },
  "6281367830848@s.whatsapp.net": {
    "bonus": 50,
    "date": "2025-12-07"
  },
  "6287746084707@s.whatsapp.net": {
    "bonus": 50,
    "date": "2025-12-07"
  },
  "6282231643499@s.whatsapp.net": {
    "bonus": 50,
    "date": "2025-12-07"
  },
  "6281232643969@s.whatsapp.net": {
    "bonus": 50,
    "date": "2025-12-07"
  },
  "6289530788383@s.whatsapp.net": {
    "bonus": 50,
    "date": "2025-12-07"
  },
  "6282131689102@s.whatsapp.net": {
    "bonus": 50,
    "date": "2025-12-07"
  },
  "6285135002136@s.whatsapp.net": {
    "bonus": 50,
    "date": "2025-12-07"
  },
  "6282177821454@s.whatsapp.net": {
    "bonus": 50,
    "date": "2025-12-07"
  },
  "6287858970768@s.whatsapp.net": {
    "bonus": 7,
    "date": "2025-12-10"
  },
  "6285822937079@s.whatsapp.net": {
    "bonus": 50,
    "date": "2025-12-07"
  },
  "6288745356412@s.whatsapp.net": {
    "bonus": 50,
    "date": "2025-12-07"
  },
  "6285691912032@s.whatsapp.net": {
    "bonus": 50,
    "date": "2025-12-07"
  },
  "6283894552145@s.whatsapp.net": {
    "bonus": 50,
    "date": "2025-12-07"
  },
  "6285281474148@s.whatsapp.net": {
    "bonus": 50,
    "date": "2025-12-07"
  },
  "6282324553241@s.whatsapp.net": {
    "bonus": 50,
    "date": "2025-12-07"
  },
  "6289504965606@s.whatsapp.net": {
    "bonus": 50,
    "date": "2025-12-07"
  },
  "6285280226621@s.whatsapp.net": {
    "bonus": 50,
    "date": "2025-12-07"
  },
  "6283121658122@s.whatsapp.net": {
    "bonus": 50,
    "date": "2025-12-07"
  },
  "6283131878225@s.whatsapp.net": {
    "bonus": 50,
    "date": "2025-12-07"
  },
  "6285820026115@s.whatsapp.net": {
    "bonus": 50,
    "date": "2025-12-07"
  },
  "6282130668880@s.whatsapp.net": {
    "bonus": 50,
    "date": "2025-12-07"
  },
  "6281346522851@s.whatsapp.net": {
    "bonus": 50,
    "date": "2025-12-07"
  },
  "6287849455175@s.whatsapp.net": {
    "bonus": 50,
    "date": "2025-12-07"
  },
  "6282190291890@s.whatsapp.net": {
    "bonus": 50,
    "date": "2025-12-07"
  },
  "6281211569442@s.whatsapp.net": {
    "bonus": 50,
    "date": "2025-12-07"
  },
  "6283863118197@s.whatsapp.net": {
    "bonus": 50,
    "date": "2025-12-07"
  },
  "6281385981055@s.whatsapp.net": {
    "bonus": 50,
    "date": "2025-12-07"
  },
  "6289528724265@s.whatsapp.net": {
    "bonus": 50,
    "date": "2025-12-07"
  },
  "6289513077459@s.whatsapp.net": {
    "bonus": 50,
    "date": "2025-12-07"
  },
  "6281224030182@s.whatsapp.net": {
    "bonus": 50,
    "date": "2025-12-07"
  },
  "6283147561855@s.whatsapp.net": {
    "bonus": 50,
    "date": "2025-12-07"
  },
  "6285792842691@s.whatsapp.net": {
    "bonus": 50,
    "date": "2025-12-07"
  },
  "62882005647233@s.whatsapp.net": {
    "bonus": 50,
    "date": "2025-12-07"
  },
  "6288291160219@s.whatsapp.net": {
    "bonus": 50,
    "date": "2025-12-07"
  },
  "6287865458337@s.whatsapp.net": {
    "bonus": 50,
    "date": "2025-12-07"
  },
  "6282155609635@s.whatsapp.net": {
    "bonus": 50,
    "date": "2025-12-07"
  },
  "6283818236750@s.whatsapp.net": {
    "bonus": 50,
    "date": "2025-12-07"
  },
  "6282315869293@s.whatsapp.net": {
    "bonus": 50,
    "date": "2025-12-07"
  },
  "6285847785875@s.whatsapp.net": {
    "bonus": 50,
    "date": "2025-12-07"
  },
  "6281138103901@s.whatsapp.net": {
    "bonus": 50,
    "date": "2025-12-07"
  },
  "6281358403214@s.whatsapp.net": {
    "bonus": 50,
    "date": "2025-12-07"
  },
  "6285389688583@s.whatsapp.net": {
    "bonus": 50,
    "date": "2025-12-07"
  },
  "6282286565179@s.whatsapp.net": {
    "bonus": 50,
    "date": "2025-12-07"
  },
  "6285399850341@s.whatsapp.net": {
    "bonus": 50,
    "date": "2025-12-07"
  },
  "6285260969614@s.whatsapp.net": {
    "bonus": 50,
    "date": "2025-12-07"
  },
  "6283143216363@s.whatsapp.net": {
    "bonus": 50,
    "date": "2025-12-07"
  },
  "6283116132235@s.whatsapp.net": {
    "bonus": 50,
    "date": "2025-12-07"
  },
  "6285708279262@s.whatsapp.net": {
    "bonus": 50,
    "date": "2025-12-07"
  },
  "6285784850613@s.whatsapp.net": {
    "bonus": 50,
    "date": "2025-12-07"
  },
  "6282189936088@s.whatsapp.net": {
    "bonus": 50,
    "date": "2025-12-07"
  },
  "6285890089646@s.whatsapp.net": {
    "bonus": 50,
    "date": "2025-12-07"
  },
  "62895415292330@s.whatsapp.net": {
    "bonus": 50,
    "date": "2025-12-07"
  },
  "6283153380313@s.whatsapp.net": {
    "bonus": 50,
    "date": "2025-12-07"
  },
  "6285194333395@s.whatsapp.net": {
    "bonus": 50,
    "date": "2025-12-07"
  },
  "6282287177855@s.whatsapp.net": {
    "bonus": 50,
    "date": "2025-12-07"
  },
  "6281360485124@s.whatsapp.net": {
    "bonus": 50,
    "date": "2025-12-07"
  },
  "6285870351157@s.whatsapp.net": {
    "bonus": 50,
    "date": "2025-12-07"
  },
  "6285135664957@s.whatsapp.net": {
    "bonus": 50,
    "date": "2025-12-07"
  },
  "6281575377358@s.whatsapp.net": {
    "bonus": 50,
    "date": "2025-12-07"
  },
  "6287851706370@s.whatsapp.net": {
    "bonus": 50,
    "date": "2025-12-07"
  },
  "6285974120649@s.whatsapp.net": {
    "bonus": 50,
    "date": "2025-12-07"
  },
  "6285656004792@s.whatsapp.net": {
    "bonus": 50,
    "date": "2025-12-07"
  },
  "6285373311356@s.whatsapp.net": {
    "bonus": 50,
    "date": "2025-12-07"
  },
  "6283157172824@s.whatsapp.net": {
    "bonus": 50,
    "date": "2025-12-07"
  },
  "6282285206330@s.whatsapp.net": {
    "bonus": 50,
    "date": "2025-12-07"
  },
  "6285790226039@s.whatsapp.net": {
    "bonus": 50,
    "date": "2025-12-07"
  },
  "62895320926002@s.whatsapp.net": {
    "bonus": 50,
    "date": "2025-12-07"
  },
  "6285697030217@s.whatsapp.net": {
    "bonus": 50,
    "date": "2025-12-07"
  },
  "6282313686079@s.whatsapp.net": {
    "bonus": 50,
    "date": "2025-12-07"
  },
  "6283160077066@s.whatsapp.net": {
    "bonus": 50,
    "date": "2025-12-07"
  },
  "62881022058247@s.whatsapp.net": {
    "bonus": 50,
    "date": "2025-12-07"
  },
  "6285351329217@s.whatsapp.net": {
    "bonus": 50,
    "date": "2025-12-07"
  },
  "6281934387041@s.whatsapp.net": {
    "bonus": 50,
    "date": "2025-12-07"
  },
  "6285792578238@s.whatsapp.net": {
    "bonus": 50,
    "date": "2025-12-07"
  },
  "6282279725657@s.whatsapp.net": {
    "bonus": 50,
    "date": "2025-12-07"
  },
  "6282390101791@s.whatsapp.net": {
    "bonus": 50,
    "date": "2025-12-07"
  },
  "6283117133264@s.whatsapp.net": {
    "bonus": 50,
    "date": "2025-12-07"
  },
  "62881027561518@s.whatsapp.net": {
    "bonus": 50,
    "date": "2025-12-07"
  },
  "6281355564325@s.whatsapp.net": {
    "bonus": 50,
    "date": "2025-12-07"
  },
  "6285269871285@s.whatsapp.net": {
    "bonus": 50,
    "date": "2025-12-07"
  },
  "6285696146104@s.whatsapp.net": {
    "bonus": 50,
    "date": "2025-12-07"
  },
  "62895406207591@s.whatsapp.net": {
    "bonus": 50,
    "date": "2025-12-07"
  },
  "6282225272178@s.whatsapp.net": {
    "bonus": 50,
    "date": "2025-12-07"
  },
  "6283831803866@s.whatsapp.net": {
    "bonus": 50,
    "date": "2025-12-07"
  },
  "6285716497834@s.whatsapp.net": {
    "bonus": 50,
    "date": "2025-12-07"
  },
  "62887437184924@s.whatsapp.net": {
    "bonus": 50,
    "date": "2025-12-07"
  },
  "6283891867187@s.whatsapp.net": {
    "bonus": 50,
    "date": "2025-12-07"
  },
  "62881022234329@s.whatsapp.net": {
    "bonus": 50,
    "date": "2025-12-07"
  },
  "6281313394959@s.whatsapp.net": {
    "bonus": 50,
    "date": "2025-12-07"
  },
  "62882008492256@s.whatsapp.net": {
    "bonus": 50,
    "date": "2025-12-07"
  },
  "6285713682468@s.whatsapp.net": {
    "bonus": 50,
    "date": "2025-12-07"
  },
  "6282315851549@s.whatsapp.net": {
    "bonus": 50,
    "date": "2025-12-07"
  },
  "6283874837115@s.whatsapp.net": {
    "bonus": 50,
    "date": "2025-12-07"
  },
  "628814163240@s.whatsapp.net": {
    "bonus": 50,
    "date": "2025-12-07"
  },
  "6288212046634@s.whatsapp.net": {
    "bonus": 50,
    "date": "2025-12-07"
  },
  "6285751681034@s.whatsapp.net": {
    "bonus": 50,
    "date": "2025-12-07"
  },
  "6283829037844@s.whatsapp.net": {
    "bonus": 50,
    "date": "2025-12-07"
  },
  "6282273837929@s.whatsapp.net": {
    "bonus": 50,
    "date": "2025-12-07"
  },
  "6289530622738@s.whatsapp.net": {
    "bonus": 50,
    "date": "2025-12-07"
  },
  "75295457554561@lid": {
    "bonus": 50,
    "date": "2025-12-07"
  },
  "628896693122@s.whatsapp.net": {
    "bonus": 50,
    "date": "2025-12-07"
  },
  "6281401786339@s.whatsapp.net": {
    "bonus": 50,
    "date": "2025-12-07"
  },
  "6281235552755@s.whatsapp.net": {
    "bonus": 50,
    "date": "2025-12-07"
  },
  "62895337055445@s.whatsapp.net": {
    "bonus": 50,
    "date": "2025-12-07"
  },
  "77474571337@s.whatsapp.net": {
    "bonus": 50,
    "date": "2025-12-07"
  },
  "34603182574@s.whatsapp.net": {
    "bonus": 50,
    "date": "2025-12-07"
  },
  "6281292257837@s.whatsapp.net": {
    "bonus": 50,
    "date": "2025-12-07"
  },
  "6285828741165@s.whatsapp.net": {
    "bonus": 50,
    "date": "2025-12-07"
  },
  "6285389142548@s.whatsapp.net": {
    "bonus": 50,
    "date": "2025-12-07"
  },
  "62881012691078@s.whatsapp.net": {
    "bonus": 50,
    "date": "2025-12-07"
  },
  "6283133789735@s.whatsapp.net": {
    "bonus": 50,
    "date": "2025-12-07"
  },
  "6285955201695@s.whatsapp.net": {
    "bonus": 10,
    "date": "2025-12-10"
  },
  "52162663063776@lid": {
    "bonus": 50,
    "date": "2025-12-07"
  },
  "6285183250739@s.whatsapp.net": {
    "bonus": 50,
    "date": "2025-12-07"
  },
  "6281213090428@s.whatsapp.net": {
    "bonus": 50,
    "date": "2025-12-07"
  },
  "6285241426580@s.whatsapp.net": {
    "bonus": 50,
    "date": "2025-12-07"
  },
  "6282312934025@s.whatsapp.net": {
    "bonus": 50,
    "date": "2025-12-07"
  },
  "6281398067201@s.whatsapp.net": {
    "bonus": 50,
    "date": "2025-12-07"
  },
  "6282121248826@s.whatsapp.net": {
    "bonus": 50,
    "date": "2025-12-07"
  },
  "6283862810494@s.whatsapp.net": {
    "bonus": 50,
    "date": "2025-12-07"
  },
  "6285601743162@s.whatsapp.net": {
    "bonus": 50,
    "date": "2025-12-07"
  },
  "6282220265882@s.whatsapp.net": {
    "bonus": 50,
    "date": "2025-12-07"
  },
  "6283117198595@s.whatsapp.net": {
    "bonus": 50,
    "date": "2025-12-07"
  },
  "6283879020370@s.whatsapp.net": {
    "bonus": 50,
    "date": "2025-12-07"
  },
  "6285798368409@s.whatsapp.net": {
    "bonus": 50,
    "date": "2025-12-07"
  },
  "6281543496975@s.whatsapp.net": {
    "bonus": 50,
    "date": "2025-12-07"
  },
  "6288226647196@s.whatsapp.net": {
    "bonus": 50,
    "date": "2025-12-07"
  },
  "6287797297543@s.whatsapp.net": {
    "bonus": 50,
    "date": "2025-12-07"
  },
  "6285808213508@s.whatsapp.net": {
    "bonus": 50,
    "date": "2025-12-07"
  },
  "6283142110522@s.whatsapp.net": {
    "bonus": 50,
    "date": "2025-12-07"
  },
  "7035240321065@lid": {
    "bonus": 50,
    "date": "2025-12-07"
  },
  "62895615063060@s.whatsapp.net": {
    "bonus": 50,
    "date": "2025-12-07"
  },
  "6281913752910@s.whatsapp.net": {
    "bonus": 50,
    "date": "2025-12-07"
  },
  "6282120896607@s.whatsapp.net": {
    "bonus": 50,
    "date": "2025-12-07"
  },
  "6283133906733@s.whatsapp.net": {
    "bonus": 50,
    "date": "2025-12-07"
  },
  "6283187237004@s.whatsapp.net": {
    "bonus": 50,
    "date": "2025-12-07"
  },
  "6283847258685@s.whatsapp.net": {
    "bonus": 50,
    "date": "2025-12-07"
  },
  "628818092378@s.whatsapp.net": {
    "bonus": 50,
    "date": "2025-12-07"
  },
  "6283151555105@s.whatsapp.net": {
    "bonus": 50,
    "date": "2025-12-07"
  },
  "6285719202038@s.whatsapp.net": {
    "bonus": 50,
    "date": "2025-12-07"
  },
  "6281934978445@s.whatsapp.net": {
    "bonus": 50,
    "date": "2025-12-07"
  },
  "6289521432910@s.whatsapp.net": {
    "bonus": 50,
    "date": "2025-12-07"
  },
  "6282174667356@s.whatsapp.net": {
    "bonus": 50,
    "date": "2025-12-07"
  },
  "6285166396497@s.whatsapp.net": {
    "bonus": 50,
    "date": "2025-12-07"
  },
  "923116316214@s.whatsapp.net": {
    "bonus": 50,
    "date": "2025-12-07"
  },
  "628999809547@s.whatsapp.net": {
    "bonus": 50,
    "date": "2025-12-07"
  },
  "6287792038186@s.whatsapp.net": {
    "bonus": 50,
    "date": "2025-12-07"
  },
  "6285166981043@s.whatsapp.net": {
    "bonus": 50,
    "date": "2025-12-07"
  },
  "6285704845065@s.whatsapp.net": {
    "bonus": 50,
    "date": "2025-12-07"
  },
  "6289637542164@s.whatsapp.net": {
    "bonus": 50,
    "date": "2025-12-07"
  },
  "6283111035256@s.whatsapp.net": {
    "bonus": 50,
    "date": "2025-12-07"
  },
  "6285710528671@s.whatsapp.net": {
    "bonus": 50,
    "date": "2025-12-07"
  },
  "6285213604894@s.whatsapp.net": {
    "bonus": 50,
    "date": "2025-12-07"
  },
  "6285124025348@s.whatsapp.net": {
    "bonus": 50,
    "date": "2025-12-07"
  },
  "6282299584549@s.whatsapp.net": {
    "bonus": 50,
    "date": "2025-12-07"
  },
  "62882003639040@s.whatsapp.net": {
    "bonus": 50,
    "date": "2025-12-07"
  },
  "6282223304862@s.whatsapp.net": {
    "bonus": 50,
    "date": "2025-12-07"
  },
  "6288902997335@s.whatsapp.net": {
    "bonus": 50,
    "date": "2025-12-07"
  },
  "6282119226502@s.whatsapp.net": {
    "bonus": 50,
    "date": "2025-12-07"
  },
  "628816742124@s.whatsapp.net": {
    "bonus": 50,
    "date": "2025-12-07"
  },
  "6281282684133@s.whatsapp.net": {
    "bonus": 50,
    "date": "2025-12-07"
  },
  "6288986174243@s.whatsapp.net": {
    "bonus": 50,
    "date": "2025-12-07"
  },
  "6282118412445@s.whatsapp.net": {
    "bonus": 30,
    "date": "2025-12-12"
  },
  "6287722419789@s.whatsapp.net": {
    "bonus": 50,
    "date": "2025-12-07"
  },
  "6285705595711@s.whatsapp.net": {
    "bonus": 50,
    "date": "2025-12-07"
  },
  "48459260793@s.whatsapp.net": {
    "bonus": 50,
    "date": "2025-12-07"
  },
  "62895616160804@s.whatsapp.net": {
    "bonus": 50,
    "date": "2025-12-07"
  },
  "6282198368300@s.whatsapp.net": {
    "bonus": 50,
    "date": "2025-12-07"
  },
  "6283169652560@s.whatsapp.net": {
    "bonus": 50,
    "date": "2025-12-07"
  },
  "6287710214038@s.whatsapp.net": {
    "bonus": 50,
    "date": "2025-12-07"
  },
  "62817326605@s.whatsapp.net": {
    "bonus": 50,
    "date": "2025-12-07"
  },
  "6283824996057@s.whatsapp.net": {
    "bonus": 50,
    "date": "2025-12-07"
  },
  "6285705390430@s.whatsapp.net": {
    "bonus": 50,
    "date": "2025-12-07"
  },
  "6285640494746@s.whatsapp.net": {
    "bonus": 50,
    "date": "2025-12-07"
  },
  "6285888191912@s.whatsapp.net": {
    "bonus": 50,
    "date": "2025-12-07"
  },
  "6282311784767@s.whatsapp.net": {
    "bonus": 50,
    "date": "2025-12-07"
  },
  "6281378027745@s.whatsapp.net": {
    "bonus": 50,
    "date": "2025-12-07"
  },
  "6287777197960@s.whatsapp.net": {
    "bonus": 50,
    "date": "2025-12-07"
  },
  "6289652153913@s.whatsapp.net": {
    "bonus": 50,
    "date": "2025-12-07"
  },
  "6287774943264@s.whatsapp.net": {
    "bonus": 50,
    "date": "2025-12-07"
  },
  "6282131430050@s.whatsapp.net": {
    "bonus": 50,
    "date": "2025-12-07"
  },
  "6285707323326@s.whatsapp.net": {
    "bonus": 50,
    "date": "2025-12-07"
  },
  "989115762563@s.whatsapp.net": {
    "bonus": 50,
    "date": "2025-12-07"
  },
  "62895360966012@s.whatsapp.net": {
    "bonus": 50,
    "date": "2025-12-07"
  },
  "6288705386169@s.whatsapp.net": {
    "bonus": 50,
    "date": "2025-12-07"
  },
  "6283152067372@s.whatsapp.net": {
    "bonus": 50,
    "date": "2025-12-07"
  },
  "6287836411005@s.whatsapp.net": {
    "bonus": 50,
    "date": "2025-12-07"
  },
  "62895322716319@s.whatsapp.net": {
    "bonus": 50,
    "date": "2025-12-07"
  },
  "6285138727559@s.whatsapp.net": {
    "bonus": 50,
    "date": "2025-12-07"
  },
  "6285731839315@s.whatsapp.net": {
    "bonus": 50,
    "date": "2025-12-07"
  },
  "62895403997279@s.whatsapp.net": {
    "bonus": 50,
    "date": "2025-12-07"
  },
  "6282230806620@s.whatsapp.net": {
    "bonus": 50,
    "date": "2025-12-07"
  },
  "6288246387665@s.whatsapp.net": {
    "bonus": 50,
    "date": "2025-12-07"
  },
  "6282189935216@s.whatsapp.net": {
    "bonus": 50,
    "date": "2025-12-07"
  },
  "6285134765921@s.whatsapp.net": {
    "bonus": 50,
    "date": "2025-12-07"
  },
  "6281396849144@s.whatsapp.net": {
    "bonus": 50,
    "date": "2025-12-07"
  },
  "6285394694559@s.whatsapp.net": {
    "bonus": 50,
    "date": "2025-12-07"
  },
  "6287728163189@s.whatsapp.net": {
    "bonus": 50,
    "date": "2025-12-07"
  },
  "62882002531180@s.whatsapp.net": {
    "bonus": 50,
    "date": "2025-12-07"
  },
  "6289517037721@s.whatsapp.net": {
    "bonus": 50,
    "date": "2025-12-07"
  },
  "6282364532184@s.whatsapp.net": {
    "bonus": 50,
    "date": "2025-12-07"
  },
  "10@s.whatsapp.net": {
    "bonus": 10,
    "date": "2025-11-16"
  },
  "6282276460718@s.whatsapp.net": {
    "bonus": 50,
    "date": "2025-12-07"
  },
  "6285813473224@s.whatsapp.net": {
    "bonus": 50,
    "date": "2025-12-07"
  },
  "6289630019239@s.whatsapp.net": {
    "bonus": 2,
    "date": "2025-12-12"
  },
  "6285702246764@s.whatsapp.net": {
    "bonus": 50,
    "date": "2025-12-07"
  },
  "628989228829@s.whatsapp.net": {
    "bonus": 57,
    "date": "2025-12-07"
  },
  "6285717146970@s.whatsapp.net": {
    "bonus": 2,
    "date": "2025-12-08"
  },
  "6283123589408@s.whatsapp.net": {
    "bonus": 50,
    "date": "2025-12-07"
  },
  "628565153924@s.whatsapp.net": {
    "bonus": 50,
    "date": "2025-12-07"
  },
  "6285805567629@s.whatsapp.net": {
    "bonus": 50,
    "date": "2025-12-07"
  },
  "23279729810@s.whatsapp.net": {
    "bonus": 50,
    "date": "2025-12-07"
  },
  "6283139274450@s.whatsapp.net": {
    "bonus": 50,
    "date": "2025-12-07"
  },
  "6285894964345@s.whatsapp.net": {
    "bonus": 50,
    "date": "2025-12-07"
  },
  "628815429473@s.whatsapp.net": {
    "bonus": 50,
    "date": "2025-12-07"
  },
  "6287825793913@s.whatsapp.net": {
    "bonus": 50,
    "date": "2025-12-07"
  },
  "6285355458766@s.whatsapp.net": {
    "bonus": 50,
    "date": "2025-12-07"
  },
  "6281528403813@s.whatsapp.net": {
    "bonus": 50,
    "date": "2025-12-07"
  },
  "6283851723125@s.whatsapp.net": {
    "bonus": 50,
    "date": "2025-12-07"
  },
  "6283179789056@s.whatsapp.net": {
    "bonus": 50,
    "date": "2025-12-07"
  },
  "6282231669053@s.whatsapp.net": {
    "bonus": 50,
    "date": "2025-12-07"
  },
  "6282190702217@s.whatsapp.net": {
    "bonus": 50,
    "date": "2025-12-07"
  },
  "6281317205434@s.whatsapp.net": {
    "bonus": 50,
    "date": "2025-12-07"
  },
  "6285824663720@s.whatsapp.net": {
    "bonus": 50,
    "date": "2025-12-07"
  },
  "447781517160@s.whatsapp.net": {
    "bonus": 50,
    "date": "2025-12-07"
  },
  "6285210692472@s.whatsapp.net": {
    "bonus": 50,
    "date": "2025-12-07"
  },
  "6281401632116@s.whatsapp.net": {
    "bonus": 50,
    "date": "2025-12-07"
  },
  "6285820171589@s.whatsapp.net": {
    "bonus": 50,
    "date": "2025-12-07"
  },
  "6282162734792@s.whatsapp.net": {
    "bonus": 50,
    "date": "2025-12-07"
  },
  "6281524908189@s.whatsapp.net": {
    "bonus": 50,
    "date": "2025-12-07"
  },
  "6285824862466@s.whatsapp.net": {
    "bonus": 50,
    "date": "2025-12-07"
  },
  "6285759191669@s.whatsapp.net": {
    "bonus": 50,
    "date": "2025-12-07"
  },
  "6283871994099@s.whatsapp.net": {
    "bonus": 50,
    "date": "2025-12-07"
  },
  "6283844827682@s.whatsapp.net": {
    "bonus": 50,
    "date": "2025-12-07"
  },
  "6283157132299@s.whatsapp.net": {
    "bonus": 50,
    "date": "2025-12-07"
  },
  "6283189145174@s.whatsapp.net": {
    "bonus": 50,
    "date": "2025-12-07"
  },
  "62881011066457@s.whatsapp.net": {
    "bonus": 50,
    "date": "2025-12-07"
  },
  "6283152273246@s.whatsapp.net": {
    "bonus": 50,
    "date": "2025-12-07"
  },
  "6281346646970@s.whatsapp.net": {
    "bonus": 50,
    "date": "2025-12-07"
  },
  "6285137936943@s.whatsapp.net": {
    "bonus": 50,
    "date": "2025-12-07"
  },
  "212607063358@s.whatsapp.net": {
    "bonus": 50,
    "date": "2025-12-07"
  },
  "6287870043300@s.whatsapp.net": {
    "bonus": 50,
    "date": "2025-12-07"
  },
  "6283834542507@s.whatsapp.net": {
    "bonus": 50,
    "date": "2025-12-07"
  },
  "6281229435450@s.whatsapp.net": {
    "bonus": 50,
    "date": "2025-12-07"
  },
  "6283193557958@s.whatsapp.net": {
    "bonus": 50,
    "date": "2025-12-07"
  },
  "6285817597752@s.whatsapp.net": {
    "bonus": 50,
    "date": "2025-12-07"
  },
  "6289527277387@s.whatsapp.net": {
    "bonus": 50,
    "date": "2025-12-07"
  },
  "6287856540417@s.whatsapp.net": {
    "bonus": 50,
    "date": "2025-12-07"
  },
  "6285956337454@s.whatsapp.net": {
    "bonus": 50,
    "date": "2025-12-07"
  },
  "6285179734755@s.whatsapp.net": {
    "bonus": 50,
    "date": "2025-12-07"
  },
  "6289529737500@s.whatsapp.net": {
    "bonus": 50,
    "date": "2025-12-07"
  },
  "6285180998627@s.whatsapp.net": {
    "bonus": 50,
    "date": "2025-12-07"
  },
  "6282279933941@s.whatsapp.net": {
    "bonus": 50,
    "date": "2025-12-07"
  },
  "6285189728422@s.whatsapp.net": {
    "bonus": 50,
    "date": "2025-12-07"
  },
  "6285191351933@s.whatsapp.net": {
    "bonus": 50,
    "date": "2025-12-07"
  },
  "6289684455344@s.whatsapp.net": {
    "bonus": 50,
    "date": "2025-12-07"
  },
  "6282184829901@s.whatsapp.net": {
    "bonus": 50,
    "date": "2025-12-07"
  },
  "6281939835643@s.whatsapp.net": {
    "bonus": 50,
    "date": "2025-12-07"
  },
  "6283177834263@s.whatsapp.net": {
    "bonus": 50,
    "date": "2025-12-07"
  },
  "6283138113839@s.whatsapp.net": {
    "bonus": 50,
    "date": "2025-12-07"
  },
  "6289527088537@s.whatsapp.net": {
    "bonus": 50,
    "date": "2025-12-07"
  },
  "62881022970157@s.whatsapp.net": {
    "bonus": 50,
    "date": "2025-12-07"
  },
  "6285138224340@s.whatsapp.net": {
    "bonus": 50,
    "date": "2025-12-07"
  },
  "6287755426175@s.whatsapp.net": {
    "bonus": 50,
    "date": "2025-12-07"
  },
  "3197010536674@s.whatsapp.net": {
    "bonus": 50,
    "date": "2025-12-07"
  },
  "5524998493952@s.whatsapp.net": {
    "bonus": 50,
    "date": "2025-12-07"
  },
  "628994597274@s.whatsapp.net": {
    "bonus": 50,
    "date": "2025-12-07"
  },
  "6285374129030@s.whatsapp.net": {
    "bonus": 50,
    "date": "2025-12-07"
  },
  "6282141418814@s.whatsapp.net": {
    "bonus": 50,
    "date": "2025-12-07"
  },
  "255190229864491@lid": {
    "bonus": 50,
    "date": "2025-12-07"
  },
  "6283135920043@s.whatsapp.net": {
    "bonus": 50,
    "date": "2025-12-07"
  },
  "6281998029767@s.whatsapp.net": {
    "bonus": 50,
    "date": "2025-12-07"
  },
  "6287840426008@s.whatsapp.net": {
    "bonus": 50,
    "date": "2025-12-07"
  },
  "6281916878521@s.whatsapp.net": {
    "bonus": 50,
    "date": "2025-12-07"
  },
  "6283164213588@s.whatsapp.net": {
    "bonus": 50,
    "date": "2025-12-07"
  },
  "62881012533042@s.whatsapp.net": {
    "bonus": 50,
    "date": "2025-12-07"
  },
  "6287781287196@s.whatsapp.net": {
    "bonus": 50,
    "date": "2025-12-07"
  },
  "6285696161831@s.whatsapp.net": {
    "bonus": 50,
    "date": "2025-12-07"
  },
  "628816405154@s.whatsapp.net": {
    "bonus": 50,
    "date": "2025-12-07"
  },
  "6288983744802@s.whatsapp.net": {
    "bonus": 50,
    "date": "2025-12-07"
  },
  "256784670936@s.whatsapp.net": {
    "bonus": 50,
    "date": "2025-12-07"
  },
  "6285213187759@s.whatsapp.net": {
    "bonus": 50,
    "date": "2025-12-07"
  },
  "584267360569@s.whatsapp.net": {
    "bonus": 50,
    "date": "2025-12-07"
  },
  "6282258057976@s.whatsapp.net": {
    "bonus": 50,
    "date": "2025-12-07"
  },
  "6283191763116@s.whatsapp.net": {
    "bonus": 50,
    "date": "2025-12-07"
  },
  "6285821729531@s.whatsapp.net": {
    "bonus": 50,
    "date": "2025-12-07"
  },
  "6289521973862@s.whatsapp.net": {
    "bonus": 50,
    "date": "2025-12-07"
  },
  "6287762452397@s.whatsapp.net": {
    "bonus": 50,
    "date": "2025-12-07"
  },
  "6288971933344@s.whatsapp.net": {
    "bonus": 50,
    "date": "2025-12-07"
  },
  "62895328167547@s.whatsapp.net": {
    "bonus": 50,
    "date": "2025-12-07"
  },
  "60196279834@s.whatsapp.net": {
    "bonus": 50,
    "date": "2025-12-07"
  },
  "6283141941150@s.whatsapp.net": {
    "bonus": 50,
    "date": "2025-12-07"
  },
  "6281212132265@s.whatsapp.net": {
    "bonus": 50,
    "date": "2025-12-07"
  },
  "6287781070918@s.whatsapp.net": {
    "bonus": 50,
    "date": "2025-12-07"
  },
  "6282135419402@s.whatsapp.net": {
    "bonus": 50,
    "date": "2025-12-07"
  },
  "6282271617234@s.whatsapp.net": {
    "bonus": 50,
    "date": "2025-12-07"
  },
  "6285268752593@s.whatsapp.net": {
    "bonus": 50,
    "date": "2025-12-07"
  },
  "6282286756968@s.whatsapp.net": {
    "bonus": 50,
    "date": "2025-12-07"
  },
  "6283131398867@s.whatsapp.net": {
    "bonus": 50,
    "date": "2025-12-07"
  },
  "6282231217190@s.whatsapp.net": {
    "bonus": 50,
    "date": "2025-12-07"
  },
  "6283856213948@s.whatsapp.net": {
    "bonus": 50,
    "date": "2025-12-07"
  },
  "628999105693@s.whatsapp.net": {
    "bonus": 50,
    "date": "2025-12-07"
  },
  "6285167843774@s.whatsapp.net": {
    "bonus": 50,
    "date": "2025-12-07"
  },
  "6281529484830@s.whatsapp.net": {
    "bonus": 50,
    "date": "2025-12-07"
  },
  "6285213994938@s.whatsapp.net": {
    "bonus": 50,
    "date": "2025-12-07"
  },
  "6282279911255@s.whatsapp.net": {
    "bonus": 50,
    "date": "2025-12-07"
  },
  "62882003314124@s.whatsapp.net": {
    "bonus": 50,
    "date": "2025-12-07"
  },
  "6285122629940@s.whatsapp.net": {
    "bonus": 50,
    "date": "2025-12-07"
  },
  "62881036449537@s.whatsapp.net": {
    "bonus": 50,
    "date": "2025-12-07"
  },
  "6285811355470@s.whatsapp.net": {
    "bonus": 50,
    "date": "2025-12-07"
  },
  "6285185904793@s.whatsapp.net": {
    "bonus": 50,
    "date": "2025-12-07"
  },
  "628972520604@s.whatsapp.net": {
    "bonus": 50,
    "date": "2025-12-07"
  },
  "6287788010516@s.whatsapp.net": {
    "bonus": 50,
    "date": "2025-12-07"
  },
  "6283150496417@s.whatsapp.net": {
    "bonus": 50,
    "date": "2025-12-07"
  },
  "6285134816783@s.whatsapp.net": {
    "bonus": 50,
    "date": "2025-12-07"
  },
  "6285346545126@s.whatsapp.net": {
    "bonus": 50,
    "date": "2025-12-07"
  },
  "6282149755066@s.whatsapp.net": {
    "bonus": 50,
    "date": "2025-12-07"
  },
  "6285122915144@s.whatsapp.net": {
    "bonus": 50,
    "date": "2025-12-07"
  },
  "6285134891514@s.whatsapp.net": {
    "bonus": 50,
    "date": "2025-12-07"
  },
  "6289531705001@s.whatsapp.net": {
    "bonus": 50,
    "date": "2025-12-07"
  },
  "6288246737832@s.whatsapp.net": {
    "bonus": 50,
    "date": "2025-12-07"
  },
  "6285739737591@s.whatsapp.net": {
    "bonus": 50,
    "date": "2025-12-07"
  },
  "6282281952829@s.whatsapp.net": {
    "bonus": 50,
    "date": "2025-12-07"
  },
  "6288901696785@s.whatsapp.net": {
    "bonus": 50,
    "date": "2025-12-07"
  },
  "6285745106466@s.whatsapp.net": {
    "bonus": 50,
    "date": "2025-12-07"
  },
  "6281934071112@s.whatsapp.net": {
    "bonus": 50,
    "date": "2025-12-07"
  },
  "6285608579851@s.whatsapp.net": {
    "bonus": 50,
    "date": "2025-12-07"
  },
  "6283865657504@s.whatsapp.net": {
    "bonus": 50,
    "date": "2025-12-07"
  },
  "6289525830000@s.whatsapp.net": {
    "bonus": 50,
    "date": "2025-12-07"
  },
  "60167288705@s.whatsapp.net": {
    "bonus": 50,
    "date": "2025-12-07"
  },
  "6288988378236@s.whatsapp.net": {
    "bonus": 50,
    "date": "2025-12-07"
  },
  "62881024188917@s.whatsapp.net": {
    "bonus": 50,
    "date": "2025-12-07"
  },
  "6285185946882@s.whatsapp.net": {
    "bonus": 50,
    "date": "2025-12-07"
  },
  "6285211361206@s.whatsapp.net": {
    "bonus": 50,
    "date": "2025-12-07"
  },
  "6283186502828@s.whatsapp.net": {
    "bonus": 50,
    "date": "2025-12-07"
  },
  "628978856454@s.whatsapp.net": {
    "bonus": 50,
    "date": "2025-12-07"
  },
  "60145805624@s.whatsapp.net": {
    "bonus": 50,
    "date": "2025-12-07"
  },
  "6285801119610@s.whatsapp.net": {
    "bonus": 50,
    "date": "2025-12-07"
  },
  "6285169925034@s.whatsapp.net": {
    "bonus": 50,
    "date": "2025-12-07"
  },
  "6282162358300@s.whatsapp.net": {
    "bonus": 50,
    "date": "2025-12-07"
  },
  "6287870597501@s.whatsapp.net": {
    "bonus": 50,
    "date": "2025-12-07"
  },
  "62881024261401@s.whatsapp.net": {
    "bonus": 50,
    "date": "2025-12-07"
  },
  "6287825955688@s.whatsapp.net": {
    "bonus": 50,
    "date": "2025-12-07"
  },
  "6282295173313@s.whatsapp.net": {
    "bonus": 50,
    "date": "2025-12-07"
  },
  "6282123280973@s.whatsapp.net": {
    "bonus": 50,
    "date": "2025-12-07"
  },
  "6287852438534@s.whatsapp.net": {
    "bonus": 50,
    "date": "2025-12-07"
  },
  "6282234563336@s.whatsapp.net": {
    "bonus": 50,
    "date": "2025-12-07"
  },
  "6289601710825@s.whatsapp.net": {
    "bonus": 50,
    "date": "2025-12-07"
  },
  "6282142522326@s.whatsapp.net": {
    "bonus": 50,
    "date": "2025-12-07"
  },
  "6283857146569@s.whatsapp.net": {
    "bonus": 50,
    "date": "2025-12-07"
  },
  "6285194483180@s.whatsapp.net": {
    "bonus": 50,
    "date": "2025-12-07"
  },
  "6285950364743@s.whatsapp.net": {
    "bonus": 50,
    "date": "2025-12-07"
  },
  "6282139284175@s.whatsapp.net": {
    "bonus": 50,
    "date": "2025-12-07"
  },
  "628388084461@s.whatsapp.net": {
    "bonus": 50,
    "date": "2025-12-07"
  },
  "6283179799943@s.whatsapp.net": {
    "bonus": 50,
    "date": "2025-12-07"
  },
  "6282274597511@s.whatsapp.net": {
    "bonus": 50,
    "date": "2025-12-07"
  },
  "6283841562338@s.whatsapp.net": {
    "bonus": 50,
    "date": "2025-12-07"
  },
  "601128987400@s.whatsapp.net": {
    "bonus": 50,
    "date": "2025-12-07"
  },
  "6283871703725@s.whatsapp.net": {
    "bonus": 50,
    "date": "2025-12-07"
  },
  "62895411164622@s.whatsapp.net": {
    "bonus": 50,
    "date": "2025-12-07"
  },
  "6285382897557@s.whatsapp.net": {
    "bonus": 50,
    "date": "2025-12-07"
  },
  "6283187123442@s.whatsapp.net": {
    "bonus": 50,
    "date": "2025-12-07"
  },
  "6288287855445@s.whatsapp.net": {
    "bonus": 50,
    "date": "2025-12-07"
  },
  "6285794408499@s.whatsapp.net": {
    "bonus": 50,
    "date": "2025-12-07"
  },
  "6281325577728@s.whatsapp.net": {
    "bonus": 50,
    "date": "2025-12-07"
  },
  "6288971108814@s.whatsapp.net": {
    "bonus": 50,
    "date": "2025-12-07"
  },
  "6285167248411@s.whatsapp.net": {
    "bonus": 50,
    "date": "2025-12-07"
  },
  "6285855962331@s.whatsapp.net": {
    "bonus": 50,
    "date": "2025-12-07"
  },
  "6285722285255@s.whatsapp.net": {
    "bonus": 50,
    "date": "2025-12-07"
  },
  "6285788333408@s.whatsapp.net": {
    "bonus": 50,
    "date": "2025-12-07"
  },
  "6288705666357@s.whatsapp.net": {
    "bonus": 50,
    "date": "2025-12-07"
  },
  "6281918294696@s.whatsapp.net": {
    "bonus": 50,
    "date": "2025-12-07"
  },
  "6285747863318@s.whatsapp.net": {
    "bonus": 50,
    "date": "2025-12-07"
  },
  "6285186855602@s.whatsapp.net": {
    "bonus": 50,
    "date": "2025-12-07"
  },
  "6283862736701@s.whatsapp.net": {
    "bonus": 50,
    "date": "2025-12-07"
  },
  "6285624689425@s.whatsapp.net": {
    "bonus": 50,
    "date": "2025-12-07"
  },
  "6282313648311@s.whatsapp.net": {
    "bonus": 50,
    "date": "2025-12-07"
  },
  "6285877204508@s.whatsapp.net": {
    "bonus": 50,
    "date": "2025-12-07"
  },
  "6281239977516@s.whatsapp.net": {
    "bonus": 50,
    "date": "2025-12-07"
  },
  "6283171825232@s.whatsapp.net": {
    "bonus": 50,
    "date": "2025-12-07"
  },
  "6285814494176@s.whatsapp.net": {
    "bonus": 50,
    "date": "2025-12-07"
  },
  "6282381335762@s.whatsapp.net": {
    "bonus": 50,
    "date": "2025-12-07"
  },
  "6283186523654@s.whatsapp.net": {
    "bonus": 50,
    "date": "2025-12-07"
  },
  "6285321720169@s.whatsapp.net": {
    "bonus": 50,
    "date": "2025-12-07"
  },
  "6282173583034@s.whatsapp.net": {
    "bonus": 50,
    "date": "2025-12-07"
  },
  "6285646717720@s.whatsapp.net": {
    "bonus": 50,
    "date": "2025-12-07"
  },
  "6282289706833@s.whatsapp.net": {
    "bonus": 50,
    "date": "2025-12-07"
  },
  "6281239686263@s.whatsapp.net": {
    "bonus": 50,
    "date": "2025-12-07"
  },
  "6281257215545@s.whatsapp.net": {
    "bonus": 50,
    "date": "2025-12-07"
  },
  "6283128672931@s.whatsapp.net": {
    "bonus": 50,
    "date": "2025-12-07"
  },
  "6285888701781@s.whatsapp.net": {
    "bonus": 50,
    "date": "2025-12-07"
  },
  "6285603591665@s.whatsapp.net": {
    "bonus": 50,
    "date": "2025-12-07"
  },
  "6285979202644@s.whatsapp.net": {
    "bonus": 50,
    "date": "2025-12-07"
  },
  "5519971706732@s.whatsapp.net": {
    "bonus": 50,
    "date": "2025-12-07"
  },
  "6288989721627@s.whatsapp.net": {
    "bonus": 50,
    "date": "2025-12-07"
  },
  "6283898318616@s.whatsapp.net": {
    "bonus": 50,
    "date": "2025-12-07"
  },
  "6285711403513@s.whatsapp.net": {
    "bonus": 50,
    "date": "2025-12-07"
  },
  "6282224406499@s.whatsapp.net": {
    "bonus": 50,
    "date": "2025-12-07"
  },
  "6282172176986@s.whatsapp.net": {
    "bonus": 50,
    "date": "2025-12-07"
  },
  "6285892163179@s.whatsapp.net": {
    "bonus": 50,
    "date": "2025-12-07"
  },
  "6283893067224@s.whatsapp.net": {
    "bonus": 50,
    "date": "2025-12-07"
  },
  "6283119942268@s.whatsapp.net": {
    "bonus": 50,
    "date": "2025-12-07"
  },
  "6287786546759@s.whatsapp.net": {
    "bonus": 50,
    "date": "2025-12-07"
  },
  "6289657629332@s.whatsapp.net": {
    "bonus": 50,
    "date": "2025-12-07"
  },
  "6282285082104@s.whatsapp.net": {
    "bonus": 50,
    "date": "2025-12-07"
  },
  "6281235980179@s.whatsapp.net": {
    "bonus": 50,
    "date": "2025-12-07"
  },
  "6281617880718@s.whatsapp.net": {
    "bonus": 50,
    "date": "2025-12-07"
  },
  "6285719412169@s.whatsapp.net": {
    "bonus": 50,
    "date": "2025-12-07"
  },
  "6285134903331@s.whatsapp.net": {
    "bonus": 50,
    "date": "2025-12-07"
  },
  "6285178430929@s.whatsapp.net": {
    "bonus": 50,
    "date": "2025-12-07"
  },
  "6285664235146@s.whatsapp.net": {
    "bonus": 50,
    "date": "2025-12-07"
  },
  "6289519949560@s.whatsapp.net": {
    "bonus": 50,
    "date": "2025-12-07"
  },
  "201118147690@s.whatsapp.net": {
    "bonus": 50,
    "date": "2025-12-07"
  },
  "6281216812614@s.whatsapp.net": {
    "bonus": 50,
    "date": "2025-12-07"
  },
  "27624858161@s.whatsapp.net": {
    "bonus": 50,
    "date": "2025-12-07"
  },
  "6283141606375@s.whatsapp.net": {
    "bonus": 50,
    "date": "2025-12-07"
  },
  "6288901173997@s.whatsapp.net": {
    "bonus": 50,
    "date": "2025-12-07"
  },
  "6288807092613@s.whatsapp.net": {
    "bonus": 50,
    "date": "2025-12-07"
  },
  "6283839578500@s.whatsapp.net": {
    "bonus": 50,
    "date": "2025-12-07"
  },
  "855969334901@s.whatsapp.net": {
    "bonus": 50,
    "date": "2025-12-07"
  },
  "6285156052392@s.whatsapp.net": {
    "bonus": 50,
    "date": "2025-12-07"
  },
  "6285124110815@s.whatsapp.net": {
    "bonus": 50,
    "date": "2025-12-07"
  },
  "62895364491750@s.whatsapp.net": {
    "bonus": 50,
    "date": "2025-12-07"
  },
  "6283872264274@s.whatsapp.net": {
    "bonus": 50,
    "date": "2025-12-07"
  },
  "6287847557257@s.whatsapp.net": {
    "bonus": 50,
    "date": "2025-12-07"
  },
  "6285779025796@s.whatsapp.net": {
    "bonus": 50,
    "date": "2025-12-07"
  },
  "62881036045030@s.whatsapp.net": {
    "bonus": 50,
    "date": "2025-12-07"
  },
  "6285813296845@s.whatsapp.net": {
    "bonus": 50,
    "date": "2025-12-07"
  },
  "62895803031177@s.whatsapp.net": {
    "bonus": 50,
    "date": "2025-12-07"
  },
  "6283130384195@s.whatsapp.net": {
    "bonus": 50,
    "date": "2025-12-07"
  },
  "6285169421258@s.whatsapp.net": {
    "bonus": 50,
    "date": "2025-12-07"
  },
  "6285711577928@s.whatsapp.net": {
    "bonus": 50,
    "date": "2025-12-07"
  },
  "62895402952807@s.whatsapp.net": {
    "bonus": 50,
    "date": "2025-12-07"
  },
  "6289602281106@s.whatsapp.net": {
    "bonus": 50,
    "date": "2025-12-07"
  },
  "628985312554@s.whatsapp.net": {
    "bonus": 50,
    "date": "2025-12-07"
  },
  "6287728632268@s.whatsapp.net": {
    "bonus": 50,
    "date": "2025-12-07"
  },
  "6283177266163@s.whatsapp.net": {
    "bonus": 50,
    "date": "2025-12-07"
  },
  "6285215638726@s.whatsapp.net": {
    "bonus": 50,
    "date": "2025-12-07"
  },
  "6285215023566@s.whatsapp.net": {
    "bonus": 50,
    "date": "2025-12-07"
  },
  "62895377747444@s.whatsapp.net": {
    "bonus": 50,
    "date": "2025-12-07"
  },
  "6285693588679@s.whatsapp.net": {
    "bonus": 50,
    "date": "2025-12-07"
  },
  "6281234843292@s.whatsapp.net": {
    "bonus": 50,
    "date": "2025-12-07"
  },
  "6283138691054@s.whatsapp.net": {
    "bonus": 50,
    "date": "2025-12-07"
  },
  "6281460365472@s.whatsapp.net": {
    "bonus": 50,
    "date": "2025-12-07"
  },
  "6282311657293@s.whatsapp.net": {
    "bonus": 50,
    "date": "2025-12-07"
  },
  "62895336458387@s.whatsapp.net": {
    "bonus": 50,
    "date": "2025-12-07"
  },
  "6287856016955@s.whatsapp.net": {
    "bonus": 50,
    "date": "2025-12-07"
  },
  "6283826715107@s.whatsapp.net": {
    "bonus": 50,
    "date": "2025-12-07"
  },
  "6285215527536@s.whatsapp.net": {
    "bonus": 50,
    "date": "2025-12-07"
  },
  "6285262884920@s.whatsapp.net": {
    "bonus": 50,
    "date": "2025-12-07"
  },
  "6283856946592@s.whatsapp.net": {
    "bonus": 50,
    "date": "2025-12-07"
  },
  "6282386537221@s.whatsapp.net": {
    "bonus": 50,
    "date": "2025-12-07"
  },
  "6289518476063@s.whatsapp.net": {
    "bonus": 50,
    "date": "2025-12-07"
  },
  "6285198853944@s.whatsapp.net": {
    "bonus": 50,
    "date": "2025-12-07"
  },
  "6288807964754@s.whatsapp.net": {
    "bonus": 50,
    "date": "2025-12-07"
  },
  "6285124851894@s.whatsapp.net": {
    "bonus": 50,
    "date": "2025-12-07"
  },
  "93776669972@s.whatsapp.net": {
    "bonus": 50,
    "date": "2025-12-07"
  },
  "6285810463220@s.whatsapp.net": {
    "bonus": 50,
    "date": "2025-12-07"
  },
  "6287767493508@s.whatsapp.net": {
    "bonus": 50,
    "date": "2025-12-07"
  },
  "6288279459696@s.whatsapp.net": {
    "bonus": 4,
    "date": "2025-12-11"
  },
  "628983955316@s.whatsapp.net": {
    "bonus": 50,
    "date": "2025-12-07"
  },
  "6287812242039@s.whatsapp.net": {
    "bonus": 50,
    "date": "2025-12-07"
  },
  "6285835463653@s.whatsapp.net": {
    "bonus": 50,
    "date": "2025-12-07"
  },
  "6285352477725@s.whatsapp.net": {
    "bonus": 50,
    "date": "2025-12-07"
  },
  "6283822113245@s.whatsapp.net": {
    "bonus": 50,
    "date": "2025-12-07"
  },
  "6281235382048@s.whatsapp.net": {
    "bonus": 50,
    "date": "2025-12-07"
  },
  "15796647170@s.whatsapp.net": {
    "bonus": 50,
    "date": "2025-12-07"
  },
  "6283156536678@s.whatsapp.net": {
    "bonus": 50,
    "date": "2025-12-07"
  },
  "6283173403262@s.whatsapp.net": {
    "bonus": 50,
    "date": "2025-12-07"
  },
  "559692023200@s.whatsapp.net": {
    "bonus": 50,
    "date": "2025-12-07"
  },
  "6289525308268@s.whatsapp.net": {
    "bonus": 14,
    "date": "2025-12-14"
  },
  "6281370198555@s.whatsapp.net": {
    "bonus": 50,
    "date": "2025-12-07"
  },
  "6283155667690@s.whatsapp.net": {
    "bonus": 50,
    "date": "2025-12-07"
  },
  "62838712113684@s.whatsapp.net": {
    "bonus": 50,
    "date": "2025-12-07"
  },
  "6282119219023@s.whatsapp.net": {
    "bonus": 50,
    "date": "2025-12-07"
  },
  "6283843090990@s.whatsapp.net": {
    "bonus": 50,
    "date": "2025-12-07"
  },
  "62887437133636@s.whatsapp.net": {
    "bonus": 50,
    "date": "2025-12-07"
  },
  "6287746151010@s.whatsapp.net": {
    "bonus": 50,
    "date": "2025-12-07"
  },
  "62895321851017@s.whatsapp.net": {
    "bonus": 50,
    "date": "2025-12-07"
  },
  "6282289989364@s.whatsapp.net": {
    "bonus": 50,
    "date": "2025-12-07"
  },
  "258850443442@s.whatsapp.net": {
    "bonus": 50,
    "date": "2025-12-07"
  },
  "6285133913669@s.whatsapp.net": {
    "bonus": 50,
    "date": "2025-12-07"
  },
  "6285129240336@s.whatsapp.net": {
    "bonus": 50,
    "date": "2025-12-07"
  },
  "6285184370172@s.whatsapp.net": {
    "bonus": 5,
    "date": "2025-12-16"
  },
  "6285750768528@s.whatsapp.net": {
    "bonus": 8,
    "date": "2025-12-11"
  },
  "62895326399264@s.whatsapp.net": {
    "bonus": 1,
    "date": "2025-12-11"
  },
  "6281190075024@s.whatsapp.net": {
    "bonus": 5,
    "date": "2025-12-19"
  }
}