[
  {
    "jid": "6285664235146@s.whatsapp.net",
    "date": "2025-12-21",
    "count": 1
  },
  {
    "jid": "6282287177855@s.whatsapp.net",
    "date": "2025-12-18",
    "count": 2
  },
  {
    "jid": "6285184069862@s.whatsapp.net",
    "date": "2025-12-15",
    "count": 5
  },
  {
    "jid": "6281346646970@s.whatsapp.net",
    "date": "2025-12-21",
    "count": 1
  },
  {
    "jid": "6289525308268@s.whatsapp.net",
    "date": "2025-12-21",
    "count": 5
  },
  {
    "jid": "6281371836197@s.whatsapp.net",
    "date": "2025-12-21",
    "count": 1
  },
  {
    "jid": "6288279459696@s.whatsapp.net",
    "date": "2025-12-18",
    "count": 1
  },
  {
    "jid": "6287722419789@s.whatsapp.net",
    "date": "2025-12-22",
    "count": 3
  },
  {
    "jid": "6283844827682@s.whatsapp.net",
    "date": "2025-12-22",
    "count": 2
  },
  {
    "jid": "6285719412169@s.whatsapp.net",
    "date": "2025-12-18",
    "count": 1
  },
  {
    "jid": "6282315851549@s.whatsapp.net",
    "date": "2025-12-21",
    "count": 1
  },
  {
    "jid": "6283179789056@s.whatsapp.net",
    "date": "2025-12-22",
    "count": 2
  },
  {
    "jid": "258853454880@s.whatsapp.net",
    "date": "2025-12-22",
    "count": 1
  },
  {
    "jid": "6287847557257@s.whatsapp.net",
    "date": "2025-12-18",
    "count": 1
  },
  {
    "jid": "6283142110522@s.whatsapp.net",
    "date": "2025-12-21",
    "count": 3
  },
  {
    "jid": "62881012533042@s.whatsapp.net",
    "date": "2025-12-21",
    "count": 4
  },
  {
    "jid": "6285138224340@s.whatsapp.net",
    "date": "2025-12-21",
    "count": 6
  },
  {
    "jid": "6283843090990@s.whatsapp.net",
    "date": "2025-12-17",
    "count": 2
  },
  {
    "jid": "6285134903331@s.whatsapp.net",
    "date": "2025-12-18",
    "count": 3
  },
  {
    "jid": "6285717146970@s.whatsapp.net",
    "date": "2025-12-22",
    "count": 1
  },
  {
    "jid": "6283119942268@s.whatsapp.net",
    "date": "2025-12-11",
    "count": 1
  },
  {
    "jid": "258850443442@s.whatsapp.net",
    "date": "2025-12-07",
    "count": 2
  },
  {
    "jid": "6285603591665@s.whatsapp.net",
    "date": "2025-12-22",
    "count": 1
  },
  {
    "jid": "6285693588679@s.whatsapp.net",
    "date": "2025-12-21",
    "count": 7
  },
  {
    "jid": "6282225272178@s.whatsapp.net",
    "date": "2025-12-19",
    "count": 1
  },
  {
    "jid": "6283173403262@s.whatsapp.net",
    "date": "2025-12-08",
    "count": 3
  },
  {
    "jid": "6285888701781@s.whatsapp.net",
    "date": "2025-12-13",
    "count": 1
  },
  {
    "jid": "6285835463653@s.whatsapp.net",
    "date": "2025-12-18",
    "count": 1
  },
  {
    "jid": "6285135002136@s.whatsapp.net",
    "date": "2025-12-19",
    "count": 2
  },
  {
    "jid": "6283133906733@s.whatsapp.net",
    "date": "2025-12-16",
    "count": 1
  },
  {
    "jid": "6288905819909@s.whatsapp.net",
    "date": "2025-12-19",
    "count": 1
  },
  {
    "jid": "62882003639040@s.whatsapp.net",
    "date": "2025-12-20",
    "count": 1
  },
  {
    "jid": "52162663063776@lid",
    "date": "2025-12-08",
    "count": 1
  },
  {
    "jid": "6285805567629@s.whatsapp.net",
    "date": "2025-12-08",
    "count": 4
  },
  {
    "jid": "6285124110815@s.whatsapp.net",
    "date": "2025-12-22",
    "count": 1
  },
  {
    "jid": "559692023200@s.whatsapp.net",
    "date": "2025-12-21",
    "count": 1
  },
  {
    "jid": "6282118412445@s.whatsapp.net",
    "date": "2025-12-21",
    "count": 1
  },
  {
    "jid": "628565153924@s.whatsapp.net",
    "date": "2025-12-19",
    "count": 3
  },
  {
    "jid": "6281398067201@s.whatsapp.net",
    "date": "2025-12-08",
    "count": 6
  },
  {
    "jid": "62895322716319@s.whatsapp.net",
    "date": "2025-12-19",
    "count": 2
  },
  {
    "jid": "6281548656135@s.whatsapp.net",
    "date": "2025-12-16",
    "count": 4
  },
  {
    "jid": "6281274857137@s.whatsapp.net",
    "date": "2025-12-15",
    "count": 7
  },
  {
    "jid": "628989228829@s.whatsapp.net",
    "date": "2025-12-18",
    "count": 3
  },
  {
    "jid": "6288807964754@s.whatsapp.net",
    "date": "2025-12-21",
    "count": 2
  },
  {
    "jid": "639750617802@s.whatsapp.net",
    "date": "2025-12-08",
    "count": 7
  },
  {
    "jid": "6283848881572@s.whatsapp.net",
    "date": "2025-12-20",
    "count": 3
  },
  {
    "jid": "6285133913669@s.whatsapp.net",
    "date": "2025-12-19",
    "count": 3
  },
  {
    "jid": "6285956337454@s.whatsapp.net",
    "date": "2025-12-20",
    "count": 1
  },
  {
    "jid": "6282117241917@s.whatsapp.net",
    "date": "2025-12-22",
    "count": 1
  },
  {
    "jid": "6281268406520@s.whatsapp.net",
    "date": "2025-12-19",
    "count": 1
  },
  {
    "jid": "6285222175856@s.whatsapp.net",
    "date": "2025-12-14",
    "count": 3
  },
  {
    "jid": "628814969114@s.whatsapp.net",
    "date": "2025-12-20",
    "count": 1
  },
  {
    "jid": "6282119226502@s.whatsapp.net",
    "date": "2025-12-22",
    "count": 1
  },
  {
    "jid": "6283191649705@s.whatsapp.net",
    "date": "2025-12-21",
    "count": 1
  },
  {
    "jid": "6289512485947@s.whatsapp.net",
    "date": "2025-12-22",
    "count": 1
  },
  {
    "jid": "6287812242039@s.whatsapp.net",
    "date": "2025-12-11",
    "count": 1
  },
  {
    "jid": "6283123589408@s.whatsapp.net",
    "date": "2025-12-09",
    "count": 3
  },
  {
    "jid": "6283898318616@s.whatsapp.net",
    "date": "2025-12-22",
    "count": 4
  },
  {
    "jid": "6289603541258@s.whatsapp.net",
    "date": "2025-12-22",
    "count": 2
  },
  {
    "jid": "6285268752593@s.whatsapp.net",
    "date": "2025-12-17",
    "count": 1
  },
  {
    "jid": "77474571337@s.whatsapp.net",
    "date": "2025-12-22",
    "count": 2
  },
  {
    "jid": "62895428196166@s.whatsapp.net",
    "date": "2025-12-19",
    "count": 5
  },
  {
    "jid": "6287792038186@s.whatsapp.net",
    "date": "2025-12-22",
    "count": 1
  },
  {
    "jid": "6285810463220@s.whatsapp.net",
    "date": "2025-12-21",
    "count": 3
  },
  {
    "jid": "6281229435450@s.whatsapp.net",
    "date": "2025-12-22",
    "count": 2
  },
  {
    "jid": "6287875140885@s.whatsapp.net",
    "date": "2025-12-13",
    "count": 1
  },
  {
    "jid": "6282262798967@s.whatsapp.net",
    "date": "2025-12-22",
    "count": 1
  },
  {
    "jid": "6285184370172@s.whatsapp.net",
    "date": "2025-12-21",
    "count": 2
  },
  {
    "jid": "6285708279262@s.whatsapp.net",
    "date": "2025-12-18",
    "count": 2
  },
  {
    "jid": "6282285206330@s.whatsapp.net",
    "date": "2025-12-18",
    "count": 3
  },
  {
    "jid": "6285813296845@s.whatsapp.net",
    "date": "2025-12-08",
    "count": 1
  },
  {
    "jid": "6282231669053@s.whatsapp.net",
    "date": "2025-12-17",
    "count": 3
  },
  {
    "jid": "6287728632268@s.whatsapp.net",
    "date": "2025-12-21",
    "count": 3
  },
  {
    "jid": "6283872264274@s.whatsapp.net",
    "date": "2025-12-22",
    "count": 1
  },
  {
    "jid": "6283826715107@s.whatsapp.net",
    "date": "2025-12-08",
    "count": 1
  },
  {
    "jid": "6282172176986@s.whatsapp.net",
    "date": "2025-12-22",
    "count": 2
  },
  {
    "jid": "6282231643499@s.whatsapp.net",
    "date": "2025-12-08",
    "count": 1
  },
  {
    "jid": "6289517544365@s.whatsapp.net",
    "date": "2025-12-21",
    "count": 1
  },
  {
    "jid": "62881012538565@s.whatsapp.net",
    "date": "2025-12-22",
    "count": 9
  },
  {
    "jid": "6285776806597@s.whatsapp.net",
    "date": "2025-12-09",
    "count": 1
  },
  {
    "jid": "6285715127596@s.whatsapp.net",
    "date": "2025-12-22",
    "count": 2
  },
  {
    "jid": "6283168992819@s.whatsapp.net",
    "date": "2025-12-09",
    "count": 1
  },
  {
    "jid": "6281232643969@s.whatsapp.net",
    "date": "2025-12-09",
    "count": 1
  },
  {
    "jid": "6281396849144@s.whatsapp.net",
    "date": "2025-12-14",
    "count": 1
  },
  {
    "jid": "6287856016955@s.whatsapp.net",
    "date": "2025-12-20",
    "count": 1
  },
  {
    "jid": "255650520122@s.whatsapp.net",
    "date": "2025-12-12",
    "count": 4
  },
  {
    "jid": "6289504965606@s.whatsapp.net",
    "date": "2025-12-12",
    "count": 2
  },
  {
    "jid": "6289630019239@s.whatsapp.net",
    "date": "2025-12-22",
    "count": 3
  },
  {
    "jid": "6282126487243@s.whatsapp.net",
    "date": "2025-12-22",
    "count": 2
  },
  {
    "jid": "6285269871285@s.whatsapp.net",
    "date": "2025-12-18",
    "count": 1
  },
  {
    "jid": "6287728163189@s.whatsapp.net",
    "date": "2025-12-10",
    "count": 2
  },
  {
    "jid": "62817326605@s.whatsapp.net",
    "date": "2025-12-22",
    "count": 10
  },
  {
    "jid": "6281370198555@s.whatsapp.net",
    "date": "2025-12-21",
    "count": 1
  },
  {
    "jid": "6282141418814@s.whatsapp.net",
    "date": "2025-12-20",
    "count": 1
  },
  {
    "jid": "6285750768528@s.whatsapp.net",
    "date": "2025-12-11",
    "count": 1
  },
  {
    "jid": "6285138727559@s.whatsapp.net",
    "date": "2025-12-19",
    "count": 3
  },
  {
    "jid": "6285331076674@s.whatsapp.net",
    "date": "2025-12-18",
    "count": 2
  },
  {
    "jid": "6288226901306@s.whatsapp.net",
    "date": "2025-12-21",
    "count": 4
  },
  {
    "jid": "6281523968059@s.whatsapp.net",
    "date": "2025-12-17",
    "count": 3
  },
  {
    "jid": "556692716698@s.whatsapp.net",
    "date": "2025-12-09",
    "count": 3
  },
  {
    "jid": "62895411164622@s.whatsapp.net",
    "date": "2025-12-18",
    "count": 2
  },
  {
    "jid": "6285211958917@s.whatsapp.net",
    "date": "2025-12-16",
    "count": 2
  },
  {
    "jid": "6289521058000@s.whatsapp.net",
    "date": "2025-12-20",
    "count": 1
  },
  {
    "jid": "6281524908189@s.whatsapp.net",
    "date": "2025-12-17",
    "count": 1
  },
  {
    "jid": "62895402952807@s.whatsapp.net",
    "date": "2025-12-21",
    "count": 1
  },
  {
    "jid": "6285979202644@s.whatsapp.net",
    "date": "2025-12-12",
    "count": 2
  },
  {
    "jid": "6287855012743@s.whatsapp.net",
    "date": "2025-12-16",
    "count": 2
  },
  {
    "jid": "6285178430929@s.whatsapp.net",
    "date": "2025-12-18",
    "count": 1
  },
  {
    "jid": "6285129240336@s.whatsapp.net",
    "date": "2025-12-10",
    "count": 3
  },
  {
    "jid": "6285821729531@s.whatsapp.net",
    "date": "2025-12-20",
    "count": 5
  },
  {
    "jid": "6281374170326@s.whatsapp.net",
    "date": "2025-12-20",
    "count": 1
  },
  {
    "jid": "62881011066457@s.whatsapp.net",
    "date": "2025-12-16",
    "count": 1
  },
  {
    "jid": "628994597274@s.whatsapp.net",
    "date": "2025-12-21",
    "count": 1
  },
  {
    "jid": "6282364532184@s.whatsapp.net",
    "date": "2025-12-19",
    "count": 2
  },
  {
    "jid": "6281617880718@s.whatsapp.net",
    "date": "2025-12-22",
    "count": 1
  },
  {
    "jid": "6285731027734@s.whatsapp.net",
    "date": "2025-12-10",
    "count": 2
  },
  {
    "jid": "6282186468335@s.whatsapp.net",
    "date": "2025-12-21",
    "count": 3
  },
  {
    "jid": "6285189728422@s.whatsapp.net",
    "date": "2025-12-19",
    "count": 1
  },
  {
    "jid": "6287858970768@s.whatsapp.net",
    "date": "2025-12-10",
    "count": 7
  },
  {
    "jid": "6285215023566@s.whatsapp.net",
    "date": "2025-12-15",
    "count": 5
  },
  {
    "jid": "628999105693@s.whatsapp.net",
    "date": "2025-12-16",
    "count": 1
  },
  {
    "jid": "6285711403513@s.whatsapp.net",
    "date": "2025-12-20",
    "count": 2
  },
  {
    "jid": "6282120752012@s.whatsapp.net",
    "date": "2025-12-13",
    "count": 2
  },
  {
    "jid": "6287746151010@s.whatsapp.net",
    "date": "2025-12-20",
    "count": 1
  },
  {
    "jid": "6283856946592@s.whatsapp.net",
    "date": "2025-12-16",
    "count": 1
  },
  {
    "jid": "6289527088537@s.whatsapp.net",
    "date": "2025-12-16",
    "count": 1
  },
  {
    "jid": "6285640494746@s.whatsapp.net",
    "date": "2025-12-20",
    "count": 2
  },
  {
    "jid": "6285971694560@s.whatsapp.net",
    "date": "2025-12-13",
    "count": 3
  },
  {
    "jid": "6285811664865@s.whatsapp.net",
    "date": "2025-12-14",
    "count": 18
  },
  {
    "jid": "62895633994333@s.whatsapp.net",
    "date": "2025-12-19",
    "count": 1
  },
  {
    "jid": "6289601710825@s.whatsapp.net",
    "date": "2025-12-11",
    "count": 2
  },
  {
    "jid": "62881022970157@s.whatsapp.net",
    "date": "2025-12-15",
    "count": 1
  },
  {
    "jid": "6285169421258@s.whatsapp.net",
    "date": "2025-12-22",
    "count": 5
  },
  {
    "jid": "27624858161@s.whatsapp.net",
    "date": "2025-12-16",
    "count": 3
  },
  {
    "jid": "6285321720169@s.whatsapp.net",
    "date": "2025-12-12",
    "count": 2
  },
  {
    "jid": "628985312554@s.whatsapp.net",
    "date": "2025-12-14",
    "count": 1
  },
  {
    "jid": "6283183412221@s.whatsapp.net",
    "date": "2025-12-12",
    "count": 3
  },
  {
    "jid": "6283128672931@s.whatsapp.net",
    "date": "2025-12-22",
    "count": 3
  },
  {
    "jid": "6282313686079@s.whatsapp.net",
    "date": "2025-12-20",
    "count": 1
  },
  {
    "jid": "62895328167547@s.whatsapp.net",
    "date": "2025-12-18",
    "count": 5
  },
  {
    "jid": "6283857146569@s.whatsapp.net",
    "date": "2025-12-21",
    "count": 3
  },
  {
    "jid": "6289508111828@s.whatsapp.net",
    "date": "2025-12-12",
    "count": 5
  },
  {
    "jid": "628816742124@s.whatsapp.net",
    "date": "2025-12-21",
    "count": 1
  },
  {
    "jid": "6285169829907@s.whatsapp.net",
    "date": "2025-12-21",
    "count": 1
  },
  {
    "jid": "6283156536678@s.whatsapp.net",
    "date": "2025-12-16",
    "count": 1
  },
  {
    "jid": "6281234843292@s.whatsapp.net",
    "date": "2025-12-13",
    "count": 1
  },
  {
    "jid": "6282386537221@s.whatsapp.net",
    "date": "2025-12-20",
    "count": 1
  },
  {
    "jid": "6283150496417@s.whatsapp.net",
    "date": "2025-12-20",
    "count": 3
  },
  {
    "jid": "18156806789@s.whatsapp.net",
    "date": "2025-12-15",
    "count": 1
  },
  {
    "jid": "6281325577728@s.whatsapp.net",
    "date": "2025-12-22",
    "count": 12
  },
  {
    "jid": "6281514383144@s.whatsapp.net",
    "date": "2025-12-13",
    "count": 5
  },
  {
    "jid": "6285705390430@s.whatsapp.net",
    "date": "2025-12-20",
    "count": 1
  },
  {
    "jid": "6288291708271@s.whatsapp.net",
    "date": "2025-12-17",
    "count": 2
  },
  {
    "jid": "6288989721627@s.whatsapp.net",
    "date": "2025-12-20",
    "count": 4
  },
  {
    "jid": "62895636761912@s.whatsapp.net",
    "date": "2025-12-19",
    "count": 1
  },
  {
    "jid": "6281371609234@s.whatsapp.net",
    "date": "2025-12-21",
    "count": 1
  },
  {
    "jid": "584267360569@s.whatsapp.net",
    "date": "2025-12-14",
    "count": 1
  },
  {
    "jid": "6283138691054@s.whatsapp.net",
    "date": "2025-12-21",
    "count": 2
  },
  {
    "jid": "6285830042962@s.whatsapp.net",
    "date": "2025-12-20",
    "count": 1
  },
  {
    "jid": "6289521973862@s.whatsapp.net",
    "date": "2025-12-15",
    "count": 1
  },
  {
    "jid": "6285955201695@s.whatsapp.net",
    "date": "2025-12-16",
    "count": 1
  },
  {
    "jid": "6282177821454@s.whatsapp.net",
    "date": "2025-12-20",
    "count": 1
  },
  {
    "jid": "6281292257837@s.whatsapp.net",
    "date": "2025-12-15",
    "count": 1
  },
  {
    "jid": "62895429137378@s.whatsapp.net",
    "date": "2025-12-21",
    "count": 8
  },
  {
    "jid": "6282137768902@s.whatsapp.net",
    "date": "2025-12-19",
    "count": 1
  },
  {
    "jid": "6285227629318@s.whatsapp.net",
    "date": "2025-12-16",
    "count": 1
  },
  {
    "jid": "6282148609035@s.whatsapp.net",
    "date": "2025-12-16",
    "count": 4
  },
  {
    "jid": "6285775284244@s.whatsapp.net",
    "date": "2025-12-16",
    "count": 3
  },
  {
    "jid": "6285814973690@s.whatsapp.net",
    "date": "2025-12-20",
    "count": 1
  },
  {
    "jid": "6285156052392@s.whatsapp.net",
    "date": "2025-12-19",
    "count": 1
  },
  {
    "jid": "6289630341411@s.whatsapp.net",
    "date": "2025-12-16",
    "count": 2
  },
  {
    "jid": "628131042247@s.whatsapp.net",
    "date": "2025-12-16",
    "count": 1
  },
  {
    "jid": "6289529737500@s.whatsapp.net",
    "date": "2025-12-20",
    "count": 3
  },
  {
    "jid": "6282326915936@s.whatsapp.net",
    "date": "2025-12-17",
    "count": 1
  },
  {
    "jid": "6282299584549@s.whatsapp.net",
    "date": "2025-12-21",
    "count": 1
  },
  {
    "jid": "6289518599631@s.whatsapp.net",
    "date": "2025-12-18",
    "count": 1
  },
  {
    "jid": "6285165147786@s.whatsapp.net",
    "date": "2025-12-18",
    "count": 1
  },
  {
    "jid": "62895336458387@s.whatsapp.net",
    "date": "2025-12-21",
    "count": 1
  },
  {
    "jid": "6289508017468@s.whatsapp.net",
    "date": "2025-12-18",
    "count": 1
  },
  {
    "jid": "6282255860215@s.whatsapp.net",
    "date": "2025-12-19",
    "count": 1
  },
  {
    "jid": "6282189936088@s.whatsapp.net",
    "date": "2025-12-18",
    "count": 3
  },
  {
    "jid": "6288221352575@s.whatsapp.net",
    "date": "2025-12-19",
    "count": 2
  },
  {
    "jid": "6281190075024@s.whatsapp.net",
    "date": "2025-12-19",
    "count": 25
  },
  {
    "jid": "6285134135373@s.whatsapp.net",
    "date": "2025-12-21",
    "count": 1
  },
  {
    "jid": "62882017102161@s.whatsapp.net",
    "date": "2025-12-22",
    "count": 1
  },
  {
    "jid": "6282173814907@s.whatsapp.net",
    "date": "2025-12-20",
    "count": 11
  },
  {
    "jid": "6282156723479@s.whatsapp.net",
    "date": "2025-12-20",
    "count": 6
  },
  {
    "jid": "6285166370226@s.whatsapp.net",
    "date": "2025-12-21",
    "count": 1
  },
  {
    "jid": "6287767493508@s.whatsapp.net",
    "date": "2025-12-19",
    "count": 1
  },
  {
    "jid": "258867595400@s.whatsapp.net",
    "date": "2025-12-21",
    "count": 1
  },
  {
    "jid": "6282310377574@s.whatsapp.net",
    "date": "2025-12-20",
    "count": 5
  },
  {
    "jid": "6281934978445@s.whatsapp.net",
    "date": "2025-12-20",
    "count": 1
  },
  {
    "jid": "6282213862401@s.whatsapp.net",
    "date": "2025-12-22",
    "count": 1
  },
  {
    "jid": "6285187042937@s.whatsapp.net",
    "date": "2025-12-20",
    "count": 7
  },
  {
    "jid": "6283182754900@s.whatsapp.net",
    "date": "2025-12-20",
    "count": 4
  },
  {
    "jid": "628978108600@s.whatsapp.net",
    "date": "2025-12-21",
    "count": 2
  },
  {
    "jid": "6285706782831@s.whatsapp.net",
    "date": "2025-12-20",
    "count": 1
  },
  {
    "jid": "628811349446@s.whatsapp.net",
    "date": "2025-12-21",
    "count": 3
  },
  {
    "jid": "6283867069009@s.whatsapp.net",
    "date": "2025-12-20",
    "count": 1
  },
  {
    "jid": "6281244841259@s.whatsapp.net",
    "date": "2025-12-21",
    "count": 4
  },
  {
    "jid": "6281568468278@s.whatsapp.net",
    "date": "2025-12-21",
    "count": 2
  },
  {
    "jid": "6281377031839@s.whatsapp.net",
    "date": "2025-12-21",
    "count": 2
  },
  {
    "jid": "6282182368604@s.whatsapp.net",
    "date": "2025-12-22",
    "count": 1
  },
  {
    "jid": "62882005666455@s.whatsapp.net",
    "date": "2025-12-21",
    "count": 2
  },
  {
    "jid": "6289531568587@s.whatsapp.net",
    "date": "2025-12-21",
    "count": 2
  },
  {
    "jid": "6289529449069@s.whatsapp.net",
    "date": "2025-12-22",
    "count": 3
  },
  {
    "jid": "6282153120699@s.whatsapp.net",
    "date": "2025-12-22",
    "count": 1
  },
  {
    "jid": "6285351921899@s.whatsapp.net",
    "date": "2025-12-22",
    "count": 1
  },
  {
    "jid": "6283189488011@s.whatsapp.net",
    "date": "2025-12-22",
    "count": 10
  },
  {
    "jid": "6282113906622@s.whatsapp.net",
    "date": "2025-12-22",
    "count": 1
  },
  {
    "jid": "6285122472040@s.whatsapp.net",
    "date": "2025-12-22",
    "count": 3
  }
]