{
  "120363160859131896@g.us": [],
  "120363401850534233@g.us": [
    {
      "name": "semuanya",
      "desc": "nimbrung babi"
    },
    {
      "name": "\"semuanya\"",
      "desc": "nimbrung babi"
    }
  ],
  "120363420987770900@g.us": [
    {
      "name": "asu lu",
      "desc": "p",
      "addedBy": "6281249703469@s.whatsapp.net",
      "addedAt": 1765695726218
    },
    {
      "name": "memek",
      "desc": "KONTOL",
      "addedBy": "6281249703469@s.whatsapp.net",
      "addedAt": 1765695971453
    },
    {
      "name": "logo anime",
      "desc": "ini contohnya",
      "addedBy": "6281249703469@s.whatsapp.net",
      "addedAt": 1765702677489,
      "image": "library/media/list/1765702677734_a16jss.jpg",
      "hasImage": true
    }
  ],
  "120363403499873515@g.us": {
    "list": {}
  },
  "120363400057723832@g.us": [
    {
      "name": "am",
      "desc": "nyenyenyenye",
      "addedBy": "6285129663682@s.whatsapp.net",
      "addedAt": 1766231853435
    }
  ],
  "120363424666295786@g.us": [
    {
      "name": "intro",
      "desc": "⣿⣶⣄⣠⣾⣿⣤ \n⠻⣻⣿⡟⢻⣿⣟⠋\n  ⣴⣿⡟ִ ֪ ֹ ⸝⸝ *hai new member jangan lupa intro ya!! disii dibawah ini*⸝⸝\n\n ⪩⪨ʿʿ ֵ *nama* :\n ⪩⪨ʿʿ ֵ *umur* :\n ⪩⪨ʿʿ ֵ *role* :\n ⪩⪨ʿʿ ֵ *rank* :\n ⪩⪨ʿʿ ֵ *high rank*:\n ⪩⪨ʿʿ ֵ *gender* :\n\nbetah betah ya disinii, kalo kena kacang bisa tag admin, noo rusuh rusuh atau promosi apapun terimakasih! ‹3",
      "addedBy": "6281249703469@s.whatsapp.net",
      "addedAt": 1766239723342
    }
  ]
}