[
  {
    "jid": "6281572368626@s.whatsapp.net",
    "expired": 1766464738651
  },
  {
    "jid": "6289602281106@s.whatsapp.net",
    "expired": 1768658493008,
    "addedBy": "6281572368626@s.whatsapp.net",
    "addedAt": 1766066493008
  },
  {
    "jid": "62895321851017@s.whatsapp.net",
    "expired": 1767615088051,
    "addedBy": "6285186855602@s.whatsapp.net",
    "addedAt": 1765023088051
  },
  {
    "jid": "6282289989364@s.whatsapp.net",
    "expired": 1767887707811,
    "addedBy": "6285186855602@s.whatsapp.net",
    "addedAt": 1765295707811
  },
  {
    "jid": "6283844123981@s.whatsapp.net",
    "expired": 1767615132664,
    "addedBy": "6285186855602@s.whatsapp.net",
    "addedAt": 1765023132664
  },
  {
    "jid": "62887437133636@s.whatsapp.net",
    "expired": 1767615336898,
    "addedBy": "6285186855602@s.whatsapp.net",
    "addedAt": 1765023336899
  },
  {
    "jid": "6285186855602@s.whatsapp.net",
    "expired": 1769307424856,
    "addedBy": "6281249703469@s.whatsapp.net",
    "addedAt": 1766369824858
  },
  {
    "jid": "62895351232562@s.whatsapp.net",
    "expired": 1767765749223,
    "addedBy": "6285186855602@s.whatsapp.net",
    "addedAt": 1765173749223
  },
  {
    "jid": "6285955201695@s.whatsapp.net",
    "expired": 1766478689122,
    "addedBy": "6281249703469@s.whatsapp.net",
    "addedAt": 1765873889122
  },
  {
    "jid": "628985312554@s.whatsapp.net",
    "expired": 1768658525205,
    "addedBy": "6281572368626@s.whatsapp.net",
    "addedAt": 1766066525205
  },
  {
    "jid": "6289676592961@s.whatsapp.net",
    "expired": 1768823107167,
    "addedBy": "6281249703469@s.whatsapp.net",
    "addedAt": 1766231107167
  },
  {
    "jid": "6285129663682@s.whatsapp.net",
    "expired": 1768823698801,
    "addedBy": "6281249703469@s.whatsapp.net",
    "addedAt": 1766231698801
  },
  {
    "jid": "6283182754900@s.whatsapp.net",
    "expired": 1768826016167,
    "addedBy": "6289676592961@s.whatsapp.net",
    "addedAt": 1766234016167
  },
  {
    "jid": "6285330552809@s.whatsapp.net",
    "expired": 1768826032887,
    "addedBy": "6289676592961@s.whatsapp.net",
    "addedAt": 1766234032887
  },
  {
    "jid": "6285802868114@s.whatsapp.net",
    "expired": 1768826044786,
    "addedBy": "6289676592961@s.whatsapp.net",
    "addedAt": 1766234044786
  },
  {
    "jid": "6283853146018@s.whatsapp.net",
    "expired": 1768826060389,
    "addedBy": "6289676592961@s.whatsapp.net",
    "addedAt": 1766234060389
  },
  {
    "jid": "6282174625508@s.whatsapp.net",
    "expired": 1769307121311,
    "addedBy": "6285186855602@s.whatsapp.net",
    "addedAt": 1766369521311
  },
  {
    "jid": "6285861794041@s.whatsapp.net",
    "expired": 1769307133725,
    "addedBy": "6285186855602@s.whatsapp.net",
    "addedAt": 1766369533726
  },
  {
    "jid": "6283115604137@s.whatsapp.net",
    "expired": 1769307147749,
    "addedBy": "6285186855602@s.whatsapp.net",
    "addedAt": 1766369547749
  },
  {
    "jid": "6282151522183@s.whatsapp.net",
    "expired": 1769307166641,
    "addedBy": "6285186855602@s.whatsapp.net",
    "addedAt": 1766369566641
  },
  {
    "jid": "6281229735172@s.whatsapp.net",
    "expired": 1769307187123,
    "addedBy": "6285186855602@s.whatsapp.net",
    "addedAt": 1766369587123
  },
  {
    "jid": "6288274017569@s.whatsapp.net",
    "expired": 1769307198567,
    "addedBy": "6285186855602@s.whatsapp.net",
    "addedAt": 1766369598567
  },
  {
    "jid": "6285382580894@s.whatsapp.net",
    "expired": 1769307229767,
    "addedBy": "6285186855602@s.whatsapp.net",
    "addedAt": 1766369629767
  },
  {
    "jid": "6289517653612@s.whatsapp.net",
    "expired": 1766465344403,
    "addedBy": "6285186855602@s.whatsapp.net",
    "addedAt": 1766378944403
  },
  {
    "jid": "6283862395640@s.whatsapp.net",
    "expired": 1769307300661,
    "addedBy": "6285186855602@s.whatsapp.net",
    "addedAt": 1766369700661
  },
  {
    "jid": "34@s.whatsapp.net",
    "expired": 1766456853264,
    "addedBy": "6285186855602@s.whatsapp.net",
    "addedAt": 1766370453264
  },
  {
    "jid": "6287784426089@s.whatsapp.net",
    "expired": 1766456880343,
    "addedBy": "6285186855602@s.whatsapp.net",
    "addedAt": 1766370480343
  },
  {
    "jid": "@s.whatsapp.net",
    "expired": 1769316558524,
    "addedBy": "6285186855602@s.whatsapp.net",
    "addedAt": 1766378958524
  }
]