{
  "120363404466167199@g.us": {
    "6281249703469@s.whatsapp.net:62881022970157@s.whatsapp.net": {
      "streak": 1,
      "last_active_A": "2025-10-17",
      "last_active_B": "2025-10-17",
      "user_A": "6281249703469@s.whatsapp.net",
      "user_B": "62881022970157@s.whatsapp.net",
      "status": "active"
    }
  },
  "120363160859131896@g.us": {
    "6285373311356@s.whatsapp.net:6289527277387@s.whatsapp.net": {
      "streak": 0,
      "last_active_A": "0000-00-00",
      "last_active_B": "0000-00-00",
      "user_A": "6285373311356@s.whatsapp.net",
      "user_B": "6289527277387@s.whatsapp.net",
      "status": "active"
    },
    "6285717146970@s.whatsapp.net:628989228829@s.whatsapp.net": {
      "streak": 1,
      "last_active_A": "2025-12-16",
      "last_active_B": "2025-12-16",
      "user_A": "6285717146970@s.whatsapp.net",
      "user_B": "628989228829@s.whatsapp.net",
      "status": "active"
    }
  },
  "120363401419033061@g.us": {
    "6282276460718@s.whatsapp.net:62882002531180@s.whatsapp.net": {
      "streak": 0,
      "last_active_A": "0000-00-00",
      "last_active_B": "2025-11-19",
      "user_A": "6282276460718@s.whatsapp.net",
      "user_B": "62882002531180@s.whatsapp.net",
      "status": "active"
    }
  },
  "120363403499873515@g.us": {
    "6281572368626@s.whatsapp.net:6289602281106@s.whatsapp.net": {
      "streak": 0,
      "last_active_A": "2025-12-01",
      "last_active_B": "2025-12-03",
      "user_A": "6281572368626@s.whatsapp.net",
      "user_B": "6289602281106@s.whatsapp.net",
      "status": "active"
    }
  }
}