{
  "120363160859131896@g.us": {
    "welcomeText": "yah si @user join, bete gua jingg🥴",
    "leftText": "@user *telah meninggalkan grup* @group"
  },
  "120363388392674422@g.us": {
    "welcomeText": "𖥔 𓂃 🧾 *Hi @user, welcome to @group!* `\n\n- jangan gunain bot di pm, *kecuali user premium!* \n- no spam \n- no promosi apapun \n- anti circle-circle an \n- sesekali nimbrung, ngobrol jangan cuma main bot \n- bisa request fitur bot juga \n- ga ngerti cara pake bot? jangan sungkan buat nanya ke admin\n\n𖥔 𓂃 🧑🏻‍🦯 Tutorial pake bot `³\n\n- Ketik *.daftar* \n- Ketik *.ceklimit* buat cek sisa limit \n- Ketik *.menu* buat lihat fitur bot \n- Ketik *.report* kalau nemu fitur yang error \n\n𖥔 𓂃 💨 *mau download video? cukup tempelin link nya aja.*"
  },
  "120363325416947511@g.us": {
    "welcomeText": "welcome @user to @group"
  },
  "120363404094723178@g.us": {
    "welcomeText": "hai @user jangan lupa ewe @group"
  },
  "120363421574777801@g.us": {
    "welcomeText": "hai @user welcome to @group\n\n*Ready Jasa & Produk :*\n- Panel Pterodactyl Private\n- Reseller Panel\n- Script Bot WhatsApp\n- Custom Script Bot WhatsApp \n- Jasa Fix Error/Edit/Tambah Fitur Script Bot WhatsApp\n- Web Rest Api Simple \n- Dan lain lain.\n\n*contact admin*\nhttps://wa.me/6281249703469\n\n*grup bot #1*\nhttps://chat.whatsapp.com/EEjLlTRNjxmDaopfuyoYHx\n*gc promosi*\nhttps://chat.whatsapp.com/CRi4iEquHvy13A9hMyAVgE\n*channel alip ai 1*\nhttps://whatsapp.com/channel/0029Vb7gTNO5a2450z5MnD0k\n*channel alip ai 2*\nhttps://whatsapp.com/channel/0029VbAnsaJFMqrTf5IwPJ3X"
  },
  "120363404466167199@g.us": {
    "welcomeText": "hi @user welcome to @group, mau upgrade ke reseller? jangan lupa chat alip"
  },
  "120363320345895964@g.us": {
    "welcomeText": "hi @user welcome to @group\n\n𖥔 𓂃 🧾 𝒂𝒍𝒊𝒑 𝒂𝒊 𝒎𝒖𝒍𝒕𝒊 𝒅𝒆𝒗𝒊𝒄𝒆 `\n\n- jangan gunain bot di pm!\n- no spam \n- no promosi apapun \n- anti circle-circle an \n- sesekali nimbrung, ngobrol jangan cuma main bot \n- bisa request fitur bot juga \n- ga ngerti cara pake bot? jangan sungkan buat nanya ke admin\n\n𖥔 𓂃 🧑🏻‍🦯 Tutorial pake bot `³\n\n- Ketik *.daftar* \n- Ketik *.limit* buat cek sisa limit \n- Ketik *.menu* buat lihat fitur bot \n- Ketik *.report* kalau nemu fitur yang error \n\n𖥔 𓂃 💨 *mau download video? cukup tempelin link nya aja.*"
  },
  "120363419562330075@g.us": {
    "welcomeText": "welcome @user di @group *jangan lupa baca deskripsi*"
  },
  "120363424666295786@g.us": {
    "welcomeText": "⣿⣶⣄⣠⣾⣿⣤ \n⠻⣻⣿⡟⢻⣿⣟⠋\n  ⣴⣿⡟ִ ֪ ֹ ⸝⸝ *hai new member @user jangan lupa intro ya!! disii dibawah ini*⸝⸝\n\n ⪩⪨ʿʿ ֵ *nama* :\n ⪩⪨ʿʿ ֵ *umur* :\n ⪩⪨ʿʿ ֵ *role* :\n ⪩⪨ʿʿ ֵ *rank* :\n ⪩⪨ʿʿ ֵ *high rank*:\n ⪩⪨ʿʿ ֵ *gender* :\n\nbetah betah ya disinii, kalo kena kacang bisa tag admin, noo rusuh rusuh atau promosi apapun terimakasih! ‹3"
  },
  "120363403201132269@g.us": {
    "welcomeText": "yah ada si @user males gua"
  }
}